thai,ipa
กฎ,kot˨˩
กฎกระทรวง,kot˨˩.kra˨˩.suaːŋ˧
กฎระเบียบ,kot˨˩.ra˦˥.biap˨˩
กฎหมาย,kot˨˩ maːj˨˦
กฎหมายการประกอบธุรกิจของคนต่างด้าว,kot˨˩.maːj˨˦.kaːn˧.pra˨˩.kɔːp˧.tʰu˦˥.ra˦˥.kit˨˩.kʰɔːŋ˧.kʰon˧.taːŋ˨˩.daːw˥˩
กฎหมายการลงทุน,kot˨˩.maːj˨˦.kaːn˧.loŋ˧.tʰun˧
กฎหมายการเช่า,kot˨˩.maːj˨˦.kaːn˧.tɕʰaw˥˩
กฎหมายครอบครัว,kot˨˩.maːj˨˦.kʰrɔːp˧.kʰrua˧
กฎหมายคุ้มครองข้อมูลส่วนบุคคล,kot˨˩.maːj˨˦.kʰum˦˥.kʰrɔːŋ˧.kʰɔː˧.muːn˥˩.suːan˨˩.buk˨˩.kʰon˧
กฎหมายคุ้มครองแรงงาน,kot˨˩.maːj˨˦.kʰum˦˥.kʰrɔːŋ˧.rɛːŋ˧.ŋaːn˧
กฎหมายจัดหางาน,kot˨˩.maːj˨˦.tɕat˨˩.haː˨˦.ŋaːn˧
กฎหมายทรัพย์สิน,kot˨˩.maːj˨˦.sap˦˥.pʰa˦˥.sin˨˦
กฎหมายทรัพย์สินทางปัญญา,kot˨˩.maːj˨˦.sap˦˥.pʰa˦˥.sin˨˦.tʰaːŋ˧.pan˧.jaː˧
กฎหมายที่ดิน,kot˨˩.maːj˨˦.tʰiː˥˩.din˧
กฎหมายบริษัท,kot˨˩.maːj˨˦.bɔː˧.ri˦˥.sat˨˩
กฎหมายปกครอง,kot˨˩.maːj˨˦.pok˨˩.kʰrɔːŋ˧
กฎหมายประกันสังคม,kot˨˩.maːj˨˦.pra˨˩.kan˧.saŋ˨˦.kʰom˧
กฎหมายผังเมือง,kot˨˩.maːj˨˦.pʰaŋ˨˦.mɯːaŋ˧
กฎหมายพาณิชย์,kot˨˩.maːj˨˦.pʰaː˧.nit˦˥
กฎหมายภาษี,kot˨˩.maːj˨˦.pʰaː˧.siː˨˦
กฎหมายภาษีอากร,kot˨˩.maːj˨˦.pʰaː˧.siː˨˦.ʔaː˧.kɔːn˧
กฎหมายระหว่างประเทศ,kot˨˩.maːj˨˦.ra˦˥.waːŋ˨˩.pra˨˩.tʰeːt˥˩
กฎหมายระหว่างประเทศแผนกคดีบุคคล,kot˨˩.maːj˨˦.ra˦˥.waːŋ˨˩.pra˨˩.tʰeːt˥˩.pʰa˨˩.nɛːk˧.kʰa˦˥.diː˧.buk˨˩.kʰon˧
กฎหมายรัฐธรรมนูญ,got˨˩-maːi˨˦ rat˦˥-tha˨˩-tham˧-ma˦˥-nuːn/˧
กฎหมายละเมิด,kot˨˩.maːj˨˦.la˦˥.mɤːt˥˩
กฎหมายลักษณะพยาน,kot˨˩.maːj˨˦.lak˦˥.sa˨˩.na˨˩.pʰa˦˥.jaːn˧
กฎหมายลักษณะสัญญา,kot˨˩.maːj˨˦.lak˦˥.sa˨˩.na˨˩.san˨˦.jaː˧
กฎหมายลักษณะหนี้,kot˨˩.maːj˨˦.lak˦˥.sa˨˩.na˨˩.niː˥˩
กฎหมายลำดับรอง,kot˨˩.maːj˨˦.lam˧.dap˨˩.rɔːŋ˧
กฎหมายลิขสิทธิ์,kot˨˩.maːj˨˦.lik˦˥.kʰa˨˩.sit˨˩
กฎหมายล้มละลาย,kot˨˩.maːj˨˦.lom˦˥.la˦˥.laːj˧
กฎหมายวิธีพิจารณาความ,kot˨˩.maːj˨˦.wi˦˥.tʰiː˧.pʰi˦˥.tɕaː˧.ra˦˥.naː˧.kʰwaːm˧
กฎหมายวิธีพิจารณาความอาญา,kot˨˩.maːj˨˦.wi˦˥.tʰiː˧.pʰi˦˥.tɕaː˧.ra˦˥.naː˧.kʰwaːm˧.ʔaː˧.jaː˧
กฎหมายวิธีพิจารณาความแพ่ง,kot˨˩.maːj˨˦.wi˦˥.tʰiː˧.pʰi˦˥.tɕaː˧.ra˦˥.naː˧.kʰwaːm˧.pʰɛŋ˧
กฎหมายศุลกากร,kot˨˩.maːj˨˦.sun˨˦.la˨˩.kaː˧.kɔːn˧
กฎหมายสิทธิบัตร,kot˨˩.maːj˨˦.sit˨˩.tʰi˦˥.bat˨˩
กฎหมายสิทธิมนุษยชน,kot˨˩.maːj˨˦.sit˨˩.tʰi˦˥.ma˦˥.nut˦˥.tɕʰa˦˥.tɕʰon˧
กฎหมายสิ่งแวดล้อม,kot˨˩.maːj˨˦.siŋ˨˩.wɛːt˧.lɔːm˧
กฎหมายส่งเสริมการลงทุน,kot˨˩.maːj˨˦.soŋ˨˩.sɤːm˨˦.kaːn˧.loŋ˧.tʰun˧
กฎหมายอาคาร,kot˨˩.maːj˨˦.ʔaː˧.kʰaːn˧
กฎหมายอาคารชุด,kot˨˩.maːj˨˦.ʔaː˧.kʰaːn˧.tɕʰut˦˥
กฎหมายอาญา,kot˨˩.maːj˨˦.ʔaː˧.jaː˧
กฎหมายเครื่องหมายการค้า,kot˨˩.maːj˨˦.kʰrɯan˧.maːj˨˦.kaːn˧.kʰaː˦˥
กฎหมายเงินทดแทน,kot˨˩.maːj˨˦.ŋen˧.tʰot˦˥.tʰɛːn˧
กฎหมายแพ่ง,kot˨˩.maːj˨˦.pʰɛŋ˧
กฎหมายแรงงาน,kot˨˩.maːj˨˦.rɛːŋ˧.ŋaːn˧
กฎหมายแรงงานสัมพันธ์,kot˨˩.maːj˨˦.rɛːŋ˧.ŋaːn˧.sam˨˦.pʰan˧
กดดัน,kot˨˩ dan˧
กรณี,kraː˨˩ na˦˥ niː˧
กรณีพิพาท,ga˨˩-ra˦˥-niː˧ phi˦˥-phaːt/˥˩
กรมธรรม์,krom˧.tʰam˧
กรรมการ,kam˧.ma˦˥.kaːn˧
กรรมการผู้จัดการ,kam˧.ma˦˥.kaːn˧.pʰuː˥˩.tɕat˨˩.kaːn˧
กรรมการลูกจ้าง,kam˧.ma˦˥.kaːn˧.luːk˥˩.tɕaːŋ˥˩
กรอบวงเงิน,krɔːp˧.woŋ˧.ŋen˧
กระจาย,kra˨˩ jaːj˧
กระจายข่าว,kra˨˩ jaːj˧ kʰaːw˨˩
กระตุ้น,kra˨˩ tun˥˩
กระทบ,kra˨˩ thop˦˥
กระทรวง,gra˨˩-suːang/˧
กระบวนการ,kram˧ buan˨˩ kaːn˧
กระบวนการยุติธรรม,kra˨˩.buan˨˩.kaːn˧.jut˦˥.ti˦˥.tʰam˧
กระแส,gra˨˩-sae/˨˦
กลฉ้อฉล,kon˧.la˨˩.tɕʰɔː˧.tɕʰon˨˦
กลยุทธ์,kon˧ la˦˥ jut˦˥
กลยุทธ์องค์กร,kon˧.la˨˩.jut˦˥.ʔoŋ˧.kɔːn˧
กลุ่มบริษัท,klum˨˩.bɔː˧.ri˦˥.sat˨˩
กล่าว,klaːw˨˩
กล่าวซ้ำ,klaːw˨˩ sam˦˥
กล่าวต้อนรับ,klaːw˨˩ tɔːn˧ rap˦˥
กล่าวถึง,klaːw˨˩ thɯŋ˧
กล่าวหา,klaːw˨˩ haː˨˦
กล่าวโทษ,klaːw˨˩ tʰoːt˥˩
กอง,kɔːŋ˧
กองทรัพย์สิน,kɔːŋ˧.sap˦˥.pʰa˦˥.sin˨˦
กองทุน,kɔːŋ˧.tʰun˧
กองทุนบำเหน็จบำนาญ,kɔːŋ˧.tʰun˧.bam˧.net˨˩.bam˧.naːn˧
กองทุนรวม,kɔːŋ˧.tʰun˧.ruaːm˧
กองทุนสำรองเลี้ยงชีพ,kɔːŋ˧.tʰun˧.sam˨˦.rɔːŋ˧.liaŋ˦˥.tɕʰiːp˥˩
กองมรดก,kɔːŋ˧.mɔː˧.ra˦˥.dok˨˩
กะ,ga/˨˩
กะกลางคืน,ka˨˩.klaːŋ˧.kʰɯːn˧
กะกลางวัน,ka˨˩.klaːŋ˧.wan˧
การกระจายความเสี่ยง,kaːn˧.kra˨˩.tɕaːj˧.kʰwaːm˧.siaŋ˨˩
การกระจายรายได้,kaːn˧.kra˨˩.tɕaːj˧.raːj˧.daj˥˩
การกลับคำพิพากษา,kaːn˧.klap˨˩.kʰam˧.pʰi˦˥.pʰaːk˥˩.saː˨˦
การกล่าวโทษ,kaːn˧.klaːw˨˩.tʰoːt˥˩
การกำกับดูแล,kaːn˧.kam˧.kap˨˩.duː˧.lɛː˧
การกู้ยืม,kaːn˧.kuː˥˩.jɯːm˧
การก่อสร้าง,gaːn˧ gɔː˧-saːng/˥˩
การขยายเวลา,kaːn˧.kʰa˨˩.jaj˨˩.weː˧.laː˧
การขอปล่อยตัวชั่วคราว,kaːn˧.kʰɔː˧.plɔj˧.tua˧.tɕʰua˥˩.kʰraːw˧
การขาดงาน,kaːn˧.kʰaːt˨˩.ŋaːn˧
การขายทอดตลาด,kaːn˧.kʰaːj˨˦.tʰɔːt˧.ta˨˩.laːt˨˩
การคลัง,kaːn˧.kʰlaŋ˧
การควบคุม,kaːn˧.kʰuaːp˥˩.kʰum˧
การควบคุมงบประมาณ,kaːn˧.kʰuaːp˥˩.kʰum˧.ŋop˦˥.pra˨˩.maːn˧
การควบคุมตัว,kaːn˧.kʰuaːp˥˩.kʰum˧.tua˧
การควบรวม,gaːn˧ khuap˥˩-ruam/˧
การควบรวมกิจการ,kaːn˧.kʰuaːp˥˩.ruaːm˧.kit˨˩.tɕa˨˩.kaːn˧
การคัดค้าน,kaːn˧.kʰat˦˥.kʰaːn˦˥
การคัดเลือก,kaːn˧.kʰat˦˥.lɯak˧
การคำนวณ,gaːn˧ kam˧-nuːan/˧
การคิดเชิงกลยุทธ์,kaːn˧.kʰit˦˥.tɕʰəːŋ˧.kon˧.la˨˩.jut˦˥
การคืนภาษี,kaːn˧.kʰɯːn˧.pʰaː˧.siː˨˦
การคุมประพฤติ,kaːn˧.kʰum˧.pra˨˩.pʰrɤt˦˥
การคุ้มครอง,kaːn˧.kʰum˦˥.kʰrɔːŋ˧
การคุ้มครองผู้บริโภค,kaːn˧.kʰum˦˥.kʰrɔːŋ˧.pʰuː˥˩.bɔː˧.ri˦˥.pʰoːk˥˩
การค้นคว้า,gaːn˧ khon˦˥-khwaː/˦˥
การค้า,kaːn˧ kʰaː˦˥
การค้าขายแดน,kaːn˧.kʰaː˦˥.kʰaːj˨˦.dɛːn˧
การค้าปลีก,kaːn˧.kʰaː˦˥.pliːk˨˩
การค้าส่ง,kaːn˧.kʰaː˦˥.soŋ˨˩
การค้าเสรี,kaːn˧.kʰaː˦˥.seː˨˦.riː˧
การจดทะเบียน,kaːn˧.tɕot˨˩.tʰa˦˥.bian˧
การจัดการ,kaːn˧.tɕat˨˩.kaːn˧
การจัดการการเปลี่ยนแปลง,kaːn˧.tɕat˨˩.kaːn˧.kaːn˧.plian˨˩.plɛːŋ˧
การจัดซื้อจัดจ้าง,kaːn˧.tɕat˨˩.sɯː˧.tɕat˨˩.tɕaːŋ˥˩
การจัดซื้อจัดจ้างภาครัฐ,kaːn˧.tɕat˨˩.sɯː˧.tɕat˨˩.tɕaːŋ˥˩.pʰaːk˥˩.rat˦˥
การจัดสรรงบประมาณ,kaːn˧.tɕat˨˩.san˨˦.ŋop˦˥.pra˨˩.maːn˧
การจับกุม,kaːn˧.tɕap˨˩.kum˧
การจับคู่,kaːn˧.tɕap˨˩.kʰuː˥˩
การจำนอง,kaːn˧.tɕam˧.nɔːŋ˧
การจำนำ,kaːn˧.tɕam˧.nam˧
การจ้างงาน,kaːn˧.tɕaːŋ˥˩.ŋaːn˧
การจ้างเหมาช่วง,kaːn˧.tɕaːŋ˥˩.maw˨˦.tɕʰuaŋ˥˩
การฉ้อโกง,kaːn˧.tɕʰɔː˧.koːŋ˧
การชดใช้,kaːn˧.tɕʰot˦˥.tɕʰaːj˦˥
การชำระบัญชี,kaːn˧.tɕʰam˧.ra˦˥.ban˧.tɕʰiː˧
การชำระหนี้,kaːn˧.tɕʰam˧.ra˦˥.niː˥˩
การชำระหนี้ตามคำพิพากษา,kaːn˧.tɕʰam˧.ra˦˥.niː˥˩.taːm˧.kʰam˧.pʰi˦˥.pʰaːk˥˩.saː˨˦
การชำระเงิน,kaːn˧.tɕʰam˧.ra˦˥.ŋen˧
การชำระเงินระหว่างประเทศ,kaːn˧.tɕʰam˧.ra˦˥.ŋen˧.ra˦˥.waːŋ˨˩.pra˨˩.tʰeːt˥˩
การชี้ขาด,kaːn˧.tɕʰiː˦˥.kʰaːt˨˩
การชี้แจง,kaːn˧.tɕʰiː˦˥.tɕɛːŋ˧
การชุมนุม,gaːn˧ chum˧-num/˧
การช่วยเหลือทางกฎหมาย,kaːn˧.tɕʰuaj˥˩.lɯa˧.tʰaːŋ˧.kot˨˩.maːj˨˦
การช่วยเหลือทางกฎหมายแก่ผู้มีรายได้น้อย,kaːn˧.tɕʰuaj˥˩.lɯa˧.tʰaːŋ˧.kot˨˩.maːj˨˦.kɛː˧.pʰuː˥˩.miː˧.raːj˧.daj˥˩.nɔːj˧
การซักค้าน,kaːn˧.sak˦˥.kʰaːn˦˥
การซักถาม,kaːn˧.sak˦˥.tʰaːm˨˦
การซื้อกิจการ,kaːn˧.sɯː˧.kit˨˩.tɕa˨˩.kaːn˧
การดำเนินคดี,kaːn˧.dam˧.nɤn˧.kʰa˦˥.diː˧
การดำเนินงาน,kaːn˧.dam˧.nɤn˧.ŋaːn˧
การดำเนินโครงการ,kaːn˧.dam˧.nɤn˧.kʰroːŋ˧.kaːn˧
การตรวจ,kaːn˧.truat˨˩
การตรวจพิจารณา,kaːn˧.truat˨˩.pʰi˦˥.tɕaː˧.ra˦˥.naː˧
การตรวจสถานที่เกิดเหตุ,kaːn˧.truat˨˩.sa˨˩.tʰaːn˨˦.tʰiː˥˩.kɤːt˨˩.heːt˨˩
การตรวจสอบ,kaːn˧.truat˨˩.sɔːp˧
การตรวจสอบความชอบด้วยกฎหมาย,kaːn˧.truat˨˩.sɔːp˧.kʰwaːm˧.tɕʰɔːp˧.duːaj˥˩.kot˨˩.maːj˨˦
การตรวจสอบทางกฎหมาย,kaːn˧.truat˨˩.sɔːp˧.tʰaːŋ˧.kot˨˩.maːj˨˦
การตรวจสอบบัญชี,kaːn˧.truat˨˩.sɔːp˧.ban˧.tɕʰiː˧
การตรวจสอบประวัติ,kaːn˧.truat˨˩.sɔːp˧.pra˨˩.wat˨˩
การตรวจสัญญา,kaːn˧.truat˨˩.san˨˦.jaː˧
การตรากฎหมาย,kaːn˧.traː˧.kot˨˩.maːj˨˦
การตลาด,kaːn˧ ta˨˩ laːt˨˩
การตักเตือน,kaːn˧.tak˨˩.tɯan˧
การตัดสิน,gaːn˧ tat˨˩-sin/˨˦
การตัดสินใจ,kaːn˧.tat˨˩.sin˨˦.tɕaj˧
การติดตามผล,kaːn˧.tit˨˩.taːm˧.pʰon˨˦
การติดสินบน,kaːn˧.tit˨˩.sin˨˦.bon˧
การติดเชื้อ,gaːn˧ tit˨˩ chʉʉa/˧
การตีความ,kaːn˧.tiː˧.kʰwaːm˧
การตีความคำพิพากษา,kaːn˧.tiː˧.kʰwaːm˧.kʰam˧.pʰi˦˥.pʰaːk˥˩.saː˨˦
การต่อรอง,kaːn˧.tɔː˧.rɔːŋ˧
การต่อสู้คดี,kaːn˧.tɔː˧.suː˥˩.kʰa˦˥.diː˧
การต่ออายุกรมธรรม์,kaːn˧.tɔː˧.ʔaː˧.ju˦˥.krom˧.tʰam˧
การต่ออายุงาน,kaːn˧.tɔː˧.ʔaː˧.ju˦˥.ŋaːn˧
การถอนฟ้อง,kaːn˧.tʰɔːn˧.fɔːŋ˧
การถามค้าน,kaːn˧.tʰaːm˨˦.kʰaːn˦˥
การถามติง,kaːn˧.tʰaːm˨˦.tiŋ˧
การถูกบังคับคดี,kaːn˧.tʰuːk˨˩.baŋ˧.kʰap˦˥.kʰa˦˥.diː˧
การทดลอง,gaːn˧ thot˦˥-lɔːng/˧
การทดลองงาน,kaːn˧.tʰot˦˥.lɔːŋ˧.ŋaːn˧
การทำงานร่วมกัน,kaːn˧.tʰam˧.ŋaːn˧.ruaːm˥˩.kan˧
การทำงานล่วงเวลา,kaːn˧.tʰam˧.ŋaːn˧.luaŋ˥˩.weː˧.laː˧
การทำงานเป็นกะ,kaːn˧.tʰam˧.ŋaːn˧.pen˧.ka˨˩
การทำงานเป็นทีม,kaːn˧.tʰam˧.ŋaːn˧.pen˧.tʰiːm˧
การทำธุรกรรม,kaːn˧.tʰam˧.tʰu˦˥.ra˨˩.kam˧
การทำสัญญา,kaːn˧.tʰam˧.san˨˦.jaː˧
การทำสัญญากับหน่วยงานของรัฐ,kaːn˧.tʰam˧.san˨˦.jaː˧.kap˨˩.nuːaj˨˩.ŋaːn˧.kʰɔːŋ˧.rat˦˥
การทุจริต,kaːn˧.tʰut˦˥.tɕa˨˩.rit˨˩
การนัด,kaːn˧.nat˦˥
การนัดฟังคำพิพากษา,kaːn˧.nat˦˥.faŋ˧.kʰam˧.pʰi˦˥.pʰaːk˥˩.saː˨˦
การนัดหยุดงาน,kaːn˧.nat˦˥.yut˨˩.ŋaːn˧
การนำสืบ,kaːn˧.nam˧.sɯp˧
การนำเข้า,kaːn˧.nam˧.kʰaw˥˩
การนิรโทษกรรม,kaːn˧.ni˦˥.ra˦˥.tʰoːt˥˩.sa˨˩.kam˧
การบรรจุ,kaːn˧.ban˧.tɕu˨˩
การบริหาร,kaːn˧.bɔː˧.ri˦˥.haːn˧
การบริหารการเปลี่ยนแปลง,kaːn˧.bɔː˧.ri˦˥.haːn˧.kaːn˧.plian˨˩.plɛːŋ˧
การบริหารค่าตอบแทน,kaːn˧.bɔː˧.ri˦˥.haːn˧.kʰaː˥˩.tɔːp˧.tʰɛːn˧
การบริหารผลการปฏิบัติงาน,kaːn˧.bɔː˧.ri˦˥.haːn˧.pʰon˨˦.kaːn˧.pa˨˩.tib˨˩.ŋaːn˧
การบริหารผู้มีความสามารถสูง,kaːn˧.bɔː˧.ri˦˥.haːn˧.pʰuː˥˩.miː˧.kʰwaːm˧.saː˨˦.maːt˥˩.suːŋ˨˦
การบริหารผู้มีศักยภาพสูง,kaːn˧.bɔː˧.ri˦˥.haːn˧.pʰuː˥˩.miː˧.sak˨˩.ka˨˩.ya˦˥.pʰaːp˥˩.suːŋ˨˦
การบริหารเงินสด,kaːn˧.bɔː˧.ri˦˥.haːn˧.ŋen˧.sot˨˩
การบริโภค,kaːn˧ bɔː˧ ri˦˥ pʰoːk˥˩
การบอกกล่าวล่วงหน้า,kaːn˧.bɔːk˧.klaːw˨˩.luaŋ˥˩.naː˥˩
การบอกเลิกกรมธรรม์,kaːn˧.bɔːk˧.lɤːk˥˩.krom˧.tʰam˧
การบอกเลิกสัญญา,kaːn˧.bɔːk˧.lɤːk˥˩.san˨˦.jaː˧
การบอกเลิกสัญญากับหน่วยงานของรัฐ,kaːn˧.bɔːk˧.lɤːk˥˩.san˨˦.jaː˧.kap˨˩.nuːaj˨˩.ŋaːn˧.kʰɔːŋ˧.rat˦˥
การบังคับคดี,kaːn˧.baŋ˧.kʰap˦˥.kʰa˦˥.diː˧
การบังคับตามคำพิพากษา,kaːn˧.baŋ˧.kʰap˦˥.taːm˧.kʰam˧.pʰi˦˥.pʰaːk˥˩.saː˨˦
การบังคับโทษ,kaːn˧.baŋ˧.kʰap˦˥.tʰoːt˥˩
การบังคับใช้กฎหมาย,kaːn˧.baŋ˧.kʰap˦˥.tɕʰaːj˦˥.kot˨˩.maːj˨˦
การบัญชี,gaːn˧ ban˧-chiː/˧
การปกครอง,gaːn˧ pok˨˩-khrɔːng/˧
การปฏิรูป,gaːn˧ pa˨˩-ti˨˩-ruːp/˥˩
การปฏิรูปกฎหมาย,kaːn˧.pa˨˩.ti˨˩.ruːp˥˩.kot˨˩.maːj˨˦
การปฏิเสธ,kaːn˧.pa˨˩.ti˨˩.seːt˨˩
การปฐมนิเทศ,kaːn˧.pa˨˩.tʰom˨˦.ma˦˥.ni˦˥.tʰeːt˥˩
การปรองดอง,gaːn˧ prɔːng˧-dɔːng/˧
การประกวดราคา,kaːn˧.pra˨˩.kuːat˨˩.raː˧.kʰaː˧
การประกวดราคาอิเล็กทรอนิกส์,kaːn˧.pra˨˩.kuːat˨˩.raː˧.kʰaː˧.ʔi˨˩.lek˦˥.tʰrɔː˧.nik˨˩
การประกันชีวิต,kaːn˧.pra˨˩.kan˧.tɕʰiː˧.wit˦˥
การประกันภัย,kaːn˧.pra˨˩.kan˧.pʰaj˧
การประกันภัยประเภท 1,kaːn˧.pra˨˩.kan˧.pʰaj˧.pʰra˦˥.pʰeːt˧.nʉŋ˨˩
การประกันภัยประเภท 2,kaːn˧.pra˨˩.kan˧.pʰaj˧.pʰra˦˥.pʰeːt˧.sɔːŋ˧
การประกันภัยประเภท 3,kaːn˧.pra˨˩.kan˧.pʰaj˧.pʰra˦˥.pʰeːt˧.saːm˨˦
การประกันภัยรถยนต์,kaːn˧.pra˨˩.kan˧.pʰaj˧.rot˦˥.tʰa˦˥.jon˧
การประกันวินาศภัย,kaːn˧.pra˨˩.kan˧.wi˦˥.naːt˥˩.pʰaj˧
การประกันสุขภาพ,kaːn˧.pra˨˩.kan˧.suk˨˩.kʰa˨˩.pʰaːp˥˩
การประกันอุบัติเหตุ,kaːn˧.pra˨˩.kan˧.ʔu˨˩.bat˨˩.ti˨˩.heːt˨˩
การประชาสัมพันธ์,gaːn˧ pra˨˩-chaː˧-sam˨˦-phan/˧
การประชุม,kaːn˧.pra˨˩.tʰum˧
การประชุมทางวิดีโอ,kaːn˧.pra˨˩.tʰum˧.tʰaːŋ˧.wi˦˥.diː˧.ʔoː˧
การประชุมทางไกล,kaːn˧.pra˨˩.tʰum˧.tʰaːŋ˧.klaj˧
การประท้วง,gaːn˧ pra˨˩-thuang/˦˥
การประนอมหนี้,kaːn˧.pra˨˩.nɔːm˧.niː˥˩
การประนีประนอม,kaːn˧.pra˨˩.niː˧.pra˨˩.nɔːm˧
การประมวลผลข้อมูล,kaːn˧.pra˨˩.muan˧.pʰon˨˦.kʰɔː˧.muːn˥˩
การประมูล,kaːn˧.pra˨˩.muːn˧
การประสานงาน,kaːn˧.pra˨˩.saːn˨˦.ŋaːn˧
การประเมิน,kaːn˧.pra˨˩.mɤːn˧
การประเมินผล,kaːn˧.pra˨˩.mɤːn˧.pʰon˨˦
การประเมินผลการปฏิบัติงาน,kaːn˧.pra˨˩.mɤːn˧.pʰon˨˦.kaːn˧.pa˨˩.tib˨˩.ŋaːn˧
การประเมินราคา,kaːn˧.pra˨˩.mɤːn˧.raː˧.kʰaː˧
การปรับตัว,kaːn˧.prap˨˩.tua˧
การปรับเงินเดือน,kaːn˧.prap˨˩.ŋen˧.dɯan˧
การปรับโครงสร้าง,kaːn˧.prap˨˩.kʰroːŋ˧.saːŋ˨˩
การปรับโครงสร้างหนี้,kaːn˧.prap˨˩.kʰroːŋ˧.saːŋ˨˩.niː˥˩
การปลดหนี้,kaːn˧.plot˨˩.niː˥˩
การปลอม,kaːn˧.plɔːm˧
การปลอมแปลงเอกสาร,kaːn˧.plɔːm˧.plɛːŋ˧.ʔeːk˨˩.ka˨˩.saːn˨˦
การปล่อยตัว,kaːn˧.plɔj˧.tua˧
การปล่อยตัวชั่วคราว,gaːn˧ plɔi˧ tuːa˧ chua˥˩-khraːo/˧
การปิดคดี,kaːn˧.pit˨˩.kʰa˦˥.diː˧
การปิดงาน,kaːn˧.pit˨˩.ŋaːn˧
การปิดสำนวน,kaːn˧.pit˨˩.sam˨˦.nuan˧
การป้องกัน,gaːn˧ pɔng˧-gan/˧
การผลิต,kaːn˧ pʰa˨˩ lit˨˩
การผิดนัด,kaːn˧.pʰit˨˩.nat˦˥
การผูกขาด,kaːn˧.pʰuːk˨˩.kʰaːt˨˩
การผ่อนชำระ,kaːn˧.pʰɔn˧.tɕʰam˧.ra˦˥
การผ่อนผัน,kaːn˧.pʰɔn˧.pʰan˨˦
การผ่าตัด,gaːn˧ phaː˨˩-tat/˨˩
การฝากขัง,kaːn˧.faːk˨˩.kʰaŋ˨˦
การฝึกงาน,kaːn˧.fɯk˧.ŋaːn˧
การฝึกอบรม,kaːn˧.fɯk˧.ʔop˨˩.rom˧
การฝ่าฝืน,kaːn˧.faː˨˩.fɯːn˧
การพยากรณ์เศรษฐกิจ,kaːn˧.pʰa˦˥.jaː˧.kɔːn˧.seːt˨˩.tʰa˨˩.kit˨˩
การพักการลงโทษ,kaːn˧.pʰak˦˥.kaːn˧.loŋ˧.tʰoːt˥˩
การพัฒนา,kaːn˧ pʰat˦˥ ta˦˥ naː˧
การพัฒนาตนเอง,kaːn˧.pʰat˦˥.tʰa˦˥.naː˧.ton˧.ʔeːŋ˧
การพัฒนาทรัพยากรบุคคล,kaːn˧.pʰat˦˥.tʰa˦˥.naː˧.sap˦˥.pʰa˦˥.jaː˧.kɔːn˧.buk˨˩.kʰon˧
การพัฒนาผู้นำ,kaːn˧.pʰat˦˥.tʰa˦˥.naː˧.pʰuː˥˩.nam˥˩
การพัฒนาเศรษฐกิจ,kaːn˧.pʰat˦˥.tʰa˦˥.naː˧.seːt˨˩.tʰa˨˩.kit˨˩
การพัฒนาเศรษฐกิจอย่างยั่งยืน,kaːn˧.pʰat˦˥.tʰa˦˥.naː˧.seːt˨˩.tʰa˨˩.kit˨˩.jaːŋ˨˩.jaŋ˥˩.jɯːn˧
การพาณิชย์,kaːn˧.pʰaː˧.nit˦˥
การพิจารณา,kaːn˧.pʰi˦˥.tɕaː˧.ra˦˥.naː˧
การพิพากษา,kaːn˧.pʰi˦˥.pʰaːk˥˩.saː˨˦
การฟอกเงิน,kaːn˧.fɔːk˧.ŋen˧
การฟื้นฟู,gaːn˧ fʉʉn˦˥-fuː/˧
การฟื้นฟูกิจการ,kaːn˧.fɯːn˧.fuː˦˥.kit˨˩.tɕa˨˩.kaːn˧
การฟ้องร้อง,kaːn˧.fɔːŋ˧.rɔːŋ˧
การมอบหมาย,kaːn˧.mɔːp˧.maːj˨˦
การมอบอำนาจ,kaːn˧.mɔːp˧.ʔam˧.naːt˨˩
การมาสาย,kaːn˧.maː˧.saːj˨˦
การมีผลบังคับใช้,kaːn˧.miː˧.pʰon˨˦.baŋ˧.kʰap˦˥.tɕʰaːj˦˥
การยกเลิกกฎหมาย,kaːn˧.jok˦˥.lɤːk˥˩.kot˨˩.maːj˨˦
การยอมความ,kaːn˧.jɔːm˧.kʰwaːm˧
การยักยอก,kaːn˧.jak˦˥.jɔːk˧
การยึดทรัพย์,kaːn˧.yɯt˧.sap˦˥
การยึดทรัพย์สิน,kaːn˧.yɯt˧.sap˦˥.pʰa˦˥.sin˨˦
การยื่นคำฟ้องแย้ง,kaːn˧.juːn˥˩.kʰam˧.fɔːŋ˧.jɛːŋ˧
การยื่นคำร้อง,kaːn˧.juːn˥˩.kʰam˧.rɔːŋ˧
การยื่นคำร้องสอด,kaːn˧.juːn˥˩.kʰam˧.rɔːŋ˧.sɔːt˧
การยื่นคำให้การ,kaːn˧.juːn˥˩.kʰam˧.haj˥˩.kaːn˧
การยื่นฎีกา,kaːn˧.juːn˥˩.diː˧.kaː˧
การยื่นฟ้อง,kaːn˧.juːn˥˩.fɔːŋ˧
การยื่นอุทธรณ์,kaːn˧.juːn˥˩.ʔut˨˩.tʰɔːn˧
การยุติข้อพิพาทแรงงาน,kaːn˧.jut˦˥.ti˨˩.kʰɔː˧.pʰi˦˥.pʰaːt˥˩.rɛːŋ˧.ŋaːn˧
การย้ายถิ่น,gaːn˧ yaːi˦˥ thin/˨˩
การรวมกลุ่ม,kaːn˧.ruaːm˧.klum˨˩
การรวมกิจการ,kaːn˧.ruaːm˧.kit˨˩.tɕa˨˩.kaːn˧
การรอลงอาญา,kaːn˧.rɔː˧.loŋ˧.ʔaː˧.jaː˧
การรักษา,gaːn˧ rak˦˥-saː/˨˦
การรักษาความมั่นคงปลอดภัยของข้อมูล,kaːn˧.rak˦˥.saː˨˦.kʰwaːm˧.man˥˩.kʰoŋ˧.plɔːt˧.pʰaj˧.kʰɔːŋ˧.kʰɔː˧.muːn˥˩
การรับ,kaːn˧.rap˦˥
การรับประกัน,gaːn˧ rap˦˥-pra˨˩-gan/˧
การรับมรดก,kaːn˧.rap˦˥.mɔː˧.ra˦˥.dok˨˩
การรับรู้,gaːn˧ rap˦˥-ruː/˦˥
การรับสภาพหนี้,kaːn˧.rap˦˥.sa˨˩.pʰaːp˥˩.niː˥˩
การรับสมัครงาน,kaːn˧.rap˦˥.sa˨˩.mak˨˩.ŋaːn˧
การรับสารภาพ,kaːn˧.rap˦˥.saː˨˦.ra˦˥.pʰaːp˥˩
การรั่วไหลของข้อมูล,kaːn˧.rua˥˩.laj˨˦.kʰɔːŋ˧.kʰɔː˧.muːn˥˩
การรายงาน,kaːn˧.raːj˧.ŋaːn˧
การร่วมทุน,kaːn˧.ruaːm˥˩.tʰun˧
การร่างกฎหมาย,kaːn˧.raːŋ˥˩.kot˨˩.maːj˨˦
การร่างสัญญา,kaːn˧.raːŋ˥˩.san˨˦.jaː˧
การร้องทุกข์,kaːn˧.rɔːŋ˧.tʰuk˦˥
การลงคะแนนเสียง,kaːn˧.loŋ˧.kʰa˦˥.nɛːn˧.siaŋ˨˦
การลงทัณฑ์,kaːn˧.loŋ˧.tʰan˧
การลงทุน,kaːn˧ loŋ˧ thun˧
การลงทุนโดยตรง,kaːn˧.loŋ˧.tʰun˧.doːj˧.troŋ˨˩
การลงทุนในหลักทรัพย์,kaːn˧.loŋ˧.tʰun˧.naj˧.lak˨˩.sap˦˥
การลงนาม,kaːn˧.loŋ˧.naːm˧
การลงนามในสัญญา,kaːn˧.loŋ˧.naːm˧.naj˧.san˨˦.jaː˧
การลงประชามติ,gaːn˧ long˧ pra˨˩-chaː˧-ma˦˥-ti/˨˩
การลงโทษ,kaːn˧.loŋ˧.tʰoːt˥˩
การลงโทษประหารชีวิต,kaːn˧.loŋ˧.tʰoːt˥˩.pra˨˩.haːn˨˦.tɕʰiː˧.wit˦˥
การลดขนาด,kaːn˧.lot˦˥.kʰa˨˩.naːt˨˩
การลดโทษ,kaːn˧.lot˦˥.tʰoːt˥˩
การละเมิด,kaːn˧.la˦˥.mɤːt˥˩
การละเมิดสัญญา,kaːn˧.la˦˥.mɤːt˥˩.san˨˦.jaː˧
การลา,kaːn˧.laː˧
การลาคลอดบุตร,kaːn˧.laː˧.kʰlɔːt˧.but˨˩
การลางาน,kaːn˧.laː˧.ŋaːn˧
การลาบวช,kaːn˧.laː˧.buːat˨˩
การลาป่วย,kaːn˧.laː˧.puay˨˩
การลาศึกษา,kaːn˧.laː˧.sɯk˧.saː˨˦
การลาสมรส,kaːn˧.laː˧.sa˨˩.mon˨˦
การลาออก,kaːn˧.laː˧.ʔɔːk˧
การลาเพื่อกิจธุระ,kaːn˧.laː˧.pʰɯa˧.kit˨˩.tʰu˨˩.ra˦˥
การลาเพื่อไปรับราชการทหาร,kaːn˧.laː˧.pʰɯa˧.paj˧.rap˦˥.raːt˥˩.tɕʰa˦˥.kaːn˧.tʰa˦˥.haːn˨˦
การลาโดยได้รับค่าจ้าง,kaːn˧.laː˧.doːj˧.daj˥˩.rap˦˥.kʰaː˥˩.tɕaːŋ˥˩
การลาโดยไม่ได้รับค่าจ้าง,kaːn˧.laː˧.doːj˧.maj˥˩.daj˥˩.rap˦˥.kʰaː˥˩.tɕaːŋ˥˩
การล็อบบี้,gaːn˧ lɔp˧-biː/˥˩
การล่วงละเมิดทางเพศ,kaːn˧.luaŋ˥˩.la˦˥.mɤːt˥˩.tʰaːŋ˧.pʰeːt˥˩
การล้มละลาย,kaːn˧.lom˦˥.la˦˥.laːj˧
การวัดผล,gaːn˧ wat˦˥ phon/˨˦
การวางผัง,gaːn˧ waːng˧ phang/˨˦
การวางแผน,kaːn˧.waːŋ˧.pʰɛːn˧
การวางแผนกำลังคน,kaːn˧.waːŋ˧.pʰɛːn˧.kam˧.laŋ˧.kʰon˧
การวางแผนสืบทอดตำแหน่ง,kaːn˧.waːŋ˧.pʰɛːn˧.sɯp˧.tʰɔːt˧.tam˧.nɛŋ˧
การวิจัย,gaːn˧ wi˦˥-jai/˧
การวินิจฉัย,gaːn˧ wi˦˥-nit˦˥-chai/˨˦
การว่าความ,kaːn˧.waː˥˩.kʰwaːm˧
การว่าจ้าง,kaːn˧.waː˥˩.tɕaːŋ˥˩
การศึกษา,kaːn˧ sʉk˨˩ saː˨˦
การศึกษาขั้นพื้นฐาน,gaːn˧-sʉk˨˩-saː˨˦ khan˥˩ phʉʉan˧-thaːn/˨˦
การศึกษาต่อเนื่อง,kaːn˧.sɯk˧.saː˨˦.tɔː˧.nɯaŋ˧
การสรรหา,kaːn˧.san˨˦.haː˨˦
การสรรหาและคัดเลือก,kaːn˧.san˨˦.haː˨˦.lɛ˧.kʰat˦˥.lɯak˧
การสร้างทีม,kaːn˧.saːŋ˥˩.tʰiːm˧
การสร้างเครือข่าย,kaːn˧.saːŋ˥˩.kʰrɯa˧.kʰaːj˨˩
การสละ,kaːn˧.sa˨˩.la˨˩
การสละสิทธิ,kaːn˧.sa˨˩.la˨˩.sit˨˩.tʰi˦˥
การสละสิทธิ์,kaːn˧.sa˨˩.la˨˩.sit˨˩
การสอบ,kaːn˧ sɔːp/˧
การสอบข้อเขียน,kaːn˧.sɔp˧.kʰɔː˧.kʰian˨˦
การสอบปากคำ,kaːn˧.sɔp˧.paːk˨˩.kʰam˧
การสอบสวน,kaːn˧.sɔp˧.suan˨˦
การสอบสวนทางวินัย,kaːn˧.sɔp˧.suan˨˦.tʰaːŋ˧.wi˦˥.naj˧
การสัมภาษณ์,kaːn˧.sam˨˦.pʰaːt˧
การสัมภาษณ์คัดเลือก,kaːn˧.sam˨˦.pʰaːt˧.kʰat˦˥.lɯak˧
การสัมมนา,kaːn˧.sam˨˦.ma˦˥.naː˧
การสืบพยาน,kaːn˧.sɯp˧.pʰa˦˥.jaːn˧
การสืบมรดก,kaːn˧.sɯp˧.mɔː˧.ra˦˥.dok˨˩
การสืบสวน,kaːn˧.sɯp˧.suan˨˦
การสืบสวนสอบสวน,kaːn˧.sɯp˧.suan˨˦.sɔp˧.suan˨˦
การสื่อสาร,kaːn˧.sɯː˧.saːn˨˦
การส่งคำพิพากษา,kaːn˧.soŋ˨˩.kʰam˧.pʰi˦˥.pʰaːk˥˩.saː˨˦
การส่งออก,kaːn˧.soŋ˨˩.ʔɔːk˧
การหยั่งเสียง,gaːn˧ yang˨˩ siang/˨˦
การหักกลบลบหนี้,kaːn˧.hak˨˩.klop˨˩.lop˦˥.niː˥˩
การอนุญาโตตุลาการ,kaːn˧.ʔa˨˩.nu˦˥.jaː˧.toː˧.tu˨˩.laː˧.kaːn˧
การอนุมัติ,kaːn˧.ʔa˨˩.nu˦˥.mat˦˥
การอนุรักษ์,gaːn˧ a˨˩-nu˦˥-rak/˦˥
การอบรม,kaːn˧.ʔop˨˩.rom˧
การอภัยโทษ,kaːn˧.ʔa˨˩.pʰaj˧.tʰoːt˥˩
การออกกำลังกาย,gaːn˧ ɔːk˧ gam˧-lang˧-gaːi/˧
การออกแบบ,gaːn˧ ɔːk˧-bɛːp/˧
การออกแบบภายใน,gaːn˧ ɔːk˧-bɛːp˧ phaːi˧-nai/˧
การออม,kaːn˧.ʔɔːm˧
การอายัด,kaːn˧.ʔaː˧.jat˦˥
การอายัดทรัพย์สิน,kaːn˧.ʔaː˧.jat˦˥.sap˦˥.pʰa˦˥.sin˨˦
การอุทธรณ์คำพิพากษา,kaːn˧.ʔut˨˩.tʰɔːn˧.kʰam˧.pʰi˦˥.pʰaːk˥˩.saː˨˦
การอุทธรณ์ต่อคณะกรรมการ,kaːn˧.ʔut˨˩.tʰɔːn˧.tɔː˧.kʰa˦˥.na˦˥.kam˧.ma˦˥.kaːn˧
การอ่านคำพิพากษา,kaːn˧.ʔaːn˨˩.kʰam˧.pʰi˦˥.pʰaːk˥˩.saː˨˦
การเกษียณก่อนกำหนด,kaːn˧.ka˨˩.sian˨˦.kɔːn˧.kam˧.not˨˩
การเกษียณอายุ,kaːn˧.ka˨˩.sian˨˦.ʔaː˧.ju˦˥
การเงิน,kaːn˧ ŋɤn
การเจรจา,kaːn˧.tɕeː˧.ra˦˥.tɕaː˧
การเจรจาต่อรองร่วม,kaːn˧.tɕeː˧.ra˦˥.tɕaː˧.tɔː˧.rɔːŋ˧.ruaːm˥˩
การเจรจาสัญญา,kaːn˧.tɕeː˧.ra˦˥.tɕaː˧.san˨˦.jaː˧
การเติบโตทางเศรษฐกิจ,kaːn˧.təːp˧.toː˧.tʰaːŋ˧.seːt˨˩.tʰa˨˩.kit˨˩
การเบิกความ,kaːn˧.bɤːk˨˩.kʰwaːm˧
การเบิกจ่าย,kaːn˧.bɤːk˨˩.tɕaːj˨˩
การเปลี่ยนแปลง,gaːn˧ plian˨˩-plaeng/˧
การเปลี่ยนแปลงสภาพภูมิอากาศ,gaːn˧ plian˨˩-plaeng˧ sa˨˩-phaːp˥˩ phuː˧-mi˦˥-aː˧-gaːt/˨˩
การเป็นพันธมิตร,kaːn˧.pen˧.pʰan˧.tʰa˦˥.mit˦˥
การเพิกถอน,kaːn˧.pʰɤːk˥˩.tʰɔːn˧
การเมือง,kaːn˧ mɯaŋ˧
การเมืองเรื่องเพศ,gaːn˧ mʉʉang˧ rʉʉang˧ pheːt/˥˩
การเยียวยา,kaːn˧.jia˧.jaː˧
การเยียวยาความเสียหายทางปกครอง,kaːn˧.jia˧.jaː˧.kʰwaːm˧.sia˨˦.haːj˨˦.tʰaːŋ˧.pok˨˩.kʰrɔːŋ˧
การเรียกประชุม,kaːn˧.riak˥˩.pra˨˩.tʰum˧
การเรียกร้อง,kaːn˧.ria˥˩.k.rɔːŋ˧
การเรียนรู้,kaːn˧ rian˧ ruː˦˥
การเลิกจ้าง,kaːn˧.lɤːk˥˩.tɕaːŋ˥˩
การเลิกจ้างโดยมีเหตุสมควร,kaːn˧.lɤːk˥˩.tɕaːŋ˥˩.doːj˧.miː˧.heːt˨˩.som˨˦.kʰuːan˧
การเลิกจ้างโดยไม่เป็นธรรม,kaːn˧.lɤːk˥˩.tɕaːŋ˥˩.doːj˧.maj˥˩.pen˧.tʰam˧
การเลิกบริษัท,kaːn˧.lɤːk˥˩.bɔː˧.ri˦˥.sat˨˩
การเลือกตั้ง,gaːn˧ lʉak˧-tang/˥˩
การเลือกปฏิบัติ,kaːn˧.lɯak˧.pa˨˩.tib˨˩
การเลื่อนขั้น,kaːn˧.lɯan˧.kʰan˥˩
การเลื่อนคดี,kaːn˧.lɯan˧.kʰa˦˥.diː˧
การเลื่อนตำแหน่ง,kaːn˧.lɯan˧.tam˧.nɛŋ˧
การเวนคืนกรมธรรม์,kaːn˧.weːn˧.kʰɯːn˧.krom˧.tʰam˧
การเสนอราคา,kaːn˧.sa˨˩.nɤː˨˦.raː˧.kʰaː˧
การเสียภาษี,kaːn˧.sia˨˦.pʰaː˧.siː˨˦
การเสื่อมค่า,gaːn˧ sʉʉam˧ khaː/˥˩
การแก้ไข,kaːn˧ kɛː˧ kʰaj˨˦
การแก้ไขกฎหมาย,kaːn˧.kɛː˧.kʰaj˨˦.kot˨˩.maːj˨˦
การแก้ไขคำพิพากษา,kaːn˧.kɛː˧.kʰaj˨˦.kʰam˧.pʰi˦˥.pʰaːk˥˩.saː˨˦
การแข่งขัน,kaːn˧ kʰɛŋ˧ kʰan˨˦
การแจ้ง,kaːn˧.tɕɛːŋ˧
การแจ้งความ,kaːn˧.tɕɛːŋ˧.kʰwaːm˧
การแต่งตั้ง,kaːn˧.tɛŋ˧.taŋ˥˩
การแต่งทนาย,kaːn˧.tɛŋ˧.tʰa˦˥.naːj˧
การแถลงการณ์,kaːn˧.tʰa˨˩.lɛːŋ˧.kaːn˧
การแถลงข่าว,gaːn˧ tha˨˩-laeng˨˦ khaːo/˨˩
การแทรกแซง,kaːn˧.sɛːk˧.sɛːŋ˧
การแบ่งปัน,kaːn˧.bɛŋ˧.pan˧
การแพทย์,gaːn˧ phɛt/˧
การโค้ช,kaːn˧.kʰoːt˥˩
การโต้แย้ง,kaːn˧.toː˥˩.jɛːŋ˧
การโยกย้าย,kaːn˧.joːk˥˩.jaːj˦˥
การโอนสิทธิ,kaːn˧.oːn˧.sit˨˩.tʰi˦˥
การโอนหนี้,kaːn˧.oːn˧.niː˥˩
การโอนเงิน,kaːn˧.oːn˧.ŋen˧
การใช้สิทธิ,kaːn˧.tɕʰaːj˦˥.sit˨˩.tʰi˦˥
การให้คำปรึกษา,kaːn˧.haj˥˩.kʰam˧.prɯk˧.saː˨˦
การให้คำปรึกษากฎหมาย,kaːn˧.haj˥˩.kʰam˧.prɯk˧.saː˨˦.kot˨˩.maːj˨˦
การให้ถ้อยคำ,kaːn˧.haj˥˩.tʰɔj˧.kʰam˧
การไกล่เกลี่ย,gaːn˧ glai˨˩-glia/˨˩
การไกล่เกลี่ยข้อพิพาท,kaːn˧.klaj˨˩.kliːa˨˩.kʰɔː˧.pʰi˦˥.pʰaːt˥˩
การไกล่เกลี่ยข้อร้องทุกข์,kaːn˧.klaj˨˩.kliːa˨˩.kʰɔː˧.rɔːŋ˧.tʰuk˦˥
การได้รับความยุติธรรม,kaːn˧.daj˥˩.rap˦˥.kʰwaːm˧.jut˦˥.ti˦˥.tʰam˧
การไต่สวน,kaːn˧.taj˨˩.suan˨˦
การไต่สวนพยาน,kaːn˧.taj˨˩.suan˨˦.pʰa˦˥.jaːn˧
การไล่ออก,kaːn˧.laj˥˩.ʔɔːk˧
กำลังการผลิต,kam˧.laŋ˧.kaːn˧.pʰa˨˩.lit˨˩
กำหนดการ,kam˧ not˨˩ kaːn˧
กำไร,kam˧.raj˧
กิจการ,kit˨˩.tɕa˨˩.kaːn˧
กีดขวาง,kiːt˨˩ kʰwaːŋ˨˦
กําหนด,kam˧ not˨˩
ขนบธรรมเนียม,kʰa˨˩ nop˨˩ tʰam˧ niam˧
ขยะ,kha˨˩-ya/˨˩
ขยาย,kʰa˨˩ jaːj˨˦
ขยายความ,kʰa˨˩ jaːj˨˦ kʰwaːm˧
ขวัญกำลังใจ,kʰwan˨˦.kam˧.laŋ˧.tɕaj˧
ขอบคุณ,kʰɔːp˧ kʰun˧
ขอบเขต,kʰɔːp˧ kʰeːt˨˩
ขอร้อง,kʰɔː˧ rɔːŋ˧
ขออภัย,kʰɔː˧ ʔa˨˩ pʰaj˧
ขอโทษ,kʰɔː˧ tʰoːt˥˩
ขอให้ศาลปลดจำเลย,kʰɔː˧.haj˥˩.saːn˨˦.plot˨˩.tɕam˧.lɤːj˧
ขัด,kʰat˨˩
ขัดขวาง,kʰat˨˩ kʰwaːŋ˨˦
ขัดจังหวะ,kʰat˨˩ tɕaŋ˧ wa˨˩
ขั้นตอน,kʰan˥˩ tɔːn˧
ขาดทุน,kʰaːt˨˩.tʰun˧
ขีดความสามารถ,kʰiːt˨˩ kʰwaːm˧ saː˨˦ maːt˥˩
ขีดจำกัด,kʰiːt˨˩ tam˧ kat˨˩
ขึ้นศาล,kʰɯn˧.saːn˨˦
ข่มขู่,kʰom˨˩.kʰuː˨˩
ข่าว,khaːo/˨˩
ข่าวสาร,kʰaːw˨˩ saːn˨˦
ข้อกฎหมาย,kʰɔː˧.kot˨˩.maːj˨˦
ข้อกล่าวหา,kʰɔː˧ klaːw˨˩ haː˨˦
ข้อกำหนด,kʰɔː˧.kam˧.not˨˩
ข้อคิด,kʰɔː˧ kʰit˦˥
ข้อจำกัด,kʰɔː˧ tam˧ kat˨˩
ข้อดี,kʰɔː˧ diː˧
ข้อตกลง,kʰɔː˧ tok˨˩ loŋ˧
ข้อตกลงการทำงาน,kʰɔː˧.tok˨˩.loŋ˧.kaːn˧.tʰam˧.ŋaːn˧
ข้อตกลงร่วม,khaːw˥˩ tok˨˩-long˧ ruam/˥˩
ข้อตกลงเกี่ยวกับสภาพการจ้าง,kʰɔː˧.tok˨˩.loŋ˧.kiaw˨˩.kap˨˩.sa˨˩.pʰaːp˥˩.kaːn˧.tɕaːŋ˥˩
ข้อบกพร่อง,kʰɔː˧ bok˨˩ pʰrɔːŋ˧
ข้อบังคับ,kʰɔː˧ baŋ˧ kʰap˦˥
ข้อบังคับของบริษัท,kʰɔː˧.baŋ˧.kʰap˦˥.kʰɔːŋ˧.bɔː˧.ri˦˥.sat˨˩
ข้อผูกพัน,kʰɔː˧ pʰuːk˨˩ pʰan˧
ข้อพิพาท,kʰɔː˧ pʰi˦˥ pʰaːt˥˩
ข้อพิพาทแรงงาน,kʰɔː˧.pʰi˦˥.pʰaːt˥˩.rɛːŋ˧.ŋaːn˧
ข้อมูล,kʰɔː˧ mun˧
ข้อมูลส่วนบุคคล,kʰɔː˧.muːn˥˩.suːan˨˩.buk˨˩.kʰon˧
ข้อยกเว้น,kʰɔː˧.jok˦˥.wen˦˥
ข้อร้องทุกข์,kʰɔː˧.rɔːŋ˧.tʰuk˦˥
ข้อร้องเรียน,kʰɔː˧ rɔːŋ˧ rian˧
ข้อสงสัย,kʰɔː˧ soŋ˨˦ saj˨˦
ข้อสรุป,kʰɔː˧ sa˨˩ rup˨˩
ข้อสังเกต,kʰɔː˧ saŋ˨˦ keːt˨˩
ข้อสัญญา,kʰɔː˧.san˨˦.jaː˧
ข้อสัญญาที่ไม่เป็นธรรม,kʰɔː˧.san˨˦.jaː˧.tʰiː˥˩.maj˥˩.pen˧.tʰam˧
ข้อสันนิษฐาน,kʰɔː˧.san˨˦.nit˦˥.tʰaːn˨˦
ข้อสันนิษฐานไว้ก่อนว่าบริสุทธิ์,kʰɔː˧.san˨˦.nit˦˥.tʰaːn˨˦.waj˦˥.kɔːn˧.waː˥˩.bɔː˧.ri˦˥.sut˨˩
ข้อห้าม,kʰɔː˧ haːm˥˩
ข้อเท็จจริง,kʰɔː˧ tʰet˦˥ tɕaŋ˨˩
ข้อเสนอ,kʰɔː˧ sa˨˩ nɤː˨˦
ข้อเสนอแนะ,kʰɔː˧ sa˨˩ nɤː˨˦ nɛ˧
ข้อเสีย,kʰɔː˧ siːa˨˦
ข้อแม้,kʰɔː˧ mɛː˧
ข้อโต้แย้ง,kʰɔː˧ toː˥˩ jɛːŋ˧
คณะ,kha˦˥-na/˦˥
คณะกรรมการ,kʰa˦˥.na˦˥.kam˧.ma˦˥.kaːn˧
คณะกรรมการคุ้มครองข้อมูลส่วนบุคคล,kʰa˦˥.na˦˥.kam˧.ma˦˥.kaːn˧.kʰum˦˥.kʰrɔːŋ˧.kʰɔː˧.muːn˥˩.suːan˨˩.buk˨˩.kʰon˧
คณะกรรมการบริษัท,kʰa˦˥.na˦˥.kam˧.ma˦˥.kaːn˧.bɔː˧.ri˦˥.sat˨˩
คณะกรรมการพิจารณาผล,kʰa˦˥.na˦˥.kam˧.ma˦˥.kaːn˧.pʰi˦˥.tɕaː˧.ra˦˥.naː˧.pʰon˨˦
คณะกรรมการลูกจ้าง,kʰa˦˥.na˦˥.kam˧.ma˦˥.kaːn˧.luːk˥˩.tɕaːŋ˥˩
คณาจารย์,kha˦˥-naː˧-jaːn/˧
คดี,kʰa˦˥.diː˧
คดีความ,kʰa˦˥.diː˧.kʰwaːm˧
คดีถึงที่สุด,kʰa˦˥.diː˧.tʰɯŋ˧.tʰiː˥˩.sut˨˩
คดีปกครอง,kʰa˦˥.diː˧.pok˨˩.kʰrɔːŋ˧
คดีผู้บริโภค,kʰa˦˥.diː˧.pʰuː˥˩.bɔː˧.ri˦˥.pʰoːk˥˩
คดีล้มละลาย,kʰa˦˥.diː˧.lom˦˥.la˦˥.laːj˧
คดีอาญา,kʰa˦˥.diː˧.ʔaː˧.jaː˧
คดีเด็ดขาด,kʰa˦˥.diː˧.det˨˩.kʰaːt˨˩
คดีแพ่ง,kʰa˦˥.diː˧.pʰɛŋ˧
คลังสินค้า,kʰlaŋ˧.sin˨˦.kʰaː˦˥
คลินิก,kha˦˥-li˦˥-nik/˦˥
คลินิกกฎหมาย,kʰliː˦˥.nik˨˩.kot˨˩.maːj˨˦
ความกลัว,kʰwaːm˧ kluːa˧
ความก้าวหน้า,kʰwaːm˧ kaw˥˩ naː˥˩
ความขยัน,kʰwaːm˧ kʰa˨˩ jan˨˦
ความขัดแย้ง,kʰwaːm˧ kʰat˨˩ jɛːŋ˧
ความคล่องตัว,kʰwaːm˧.kʰlɔŋ˧.tua˧
ความคิด,kʰwaːm˧ kʰit˦˥
ความคิดเห็น,kʰwaːm˧ kʰit˦˥ hen˨˦
ความจริง,kʰwaːm˧ tɕiŋ˧
ความชอบธรรม,kʰwaːm˧ kʰɔːp˧ tʰam˧
ความชั่ว,kʰwaːm˧ tɕʰuːa˥˩
ความชำนาญ,kʰwaːm˧ tɕʰam˧ naːn˧
ความดี,kʰwaːm˧ diː˧
ความตกลง,kʰwaːm˧ tok˨˩ loŋ˧
ความตั้งใจ,khwaːm˧ tang˥˩-jai/˧
ความถี่,kʰwaːm˧ tʰiː˨˩
ความทรงจำ,khwaːm˧-song˧-jam/˧
ความทุกข์,kʰwaːm˧ tʰuk˦˥
ความท้าทาย,kʰwaːm˧ tʰaː˦˥ tʰaːj˧
ความประทับใจ,kʰwaːm˧ pra˨˩ tʰap˦˥ tɕaj˧
ความปลอดภัย,kʰwaːm˧ plɔt˧ pʰaj˧
ความปลอดภัยในการทำงาน,kʰwaːm˧.plɔːt˧.pʰaj˧.naj˧.kaːn˧.tʰam˧.ŋaːn˧
ความผิด,kʰwaːm˧.pʰit˨˩
ความผิดทางอาญา,kʰwaːm˧.pʰit˨˩.tʰaːŋ˧.ʔaː˧.jaː˧
ความผิดทางแพ่ง,kʰwaːm˧.pʰit˨˩.tʰaːŋ˧.pʰɛŋ˧
ความผูกพันต่อองค์กร,kʰwaːm˧.pʰuːk˨˩.pʰan˧.tɔː˧.ʔoŋ˧.kɔːn˧
ความฝัน,kʰwaːm˧ fan˨˦
ความพยายาม,kʰwaːm˧ pʰa˦˥ jaː˧ maːm˧
ความพึงพอใจในการทำงาน,kʰwaːm˧.pʰɯŋ˧.pʰɔː˧.tɕaj˧.naj˧.kaːn˧.tʰam˧.ŋaːn˧
ความพ่ายแพ้,kʰwaːm˧ pʰaːj˥˩ pʰɛː˧
ความมั่นคง,kʰwaːm˧ man˥˩ kʰoŋ˧
ความยินยอม,kʰwaːm˧.yin˧.jɔːm˧
ความยืดหยุ่น,kʰwaːm˧.yɯːt˧.jun˨˩
ความยืดหยุ่นและความคล่องตัว,kʰwaːm˧.yɯːt˧.jun˨˩.lɛ˧.kʰwaːm˧.kʰlɔŋ˧.tua˧
ความยุติธรรม,kʰwaːm˧ ju˦˥ ti˨˩ tʰam˧
ความรัก,kʰwaːm˧ rak˦˥
ความรับผิด,kʰwaːm˧.rap˦˥.pʰit˨˩
ความรับผิดชอบ,kʰwaːm˧ rap˦˥ pʰit˨˩ tɕʰɔːp˧
ความรับผิดทางกฎหมาย,kʰwaːm˧.rap˦˥.pʰit˨˩.tʰaːŋ˧.kot˨˩.maːj˨˦
ความรู้,kʰwaːm˧ ruː˦˥
ความรู้ความสามารถ,kʰwaːm˧.ruː˦˥.kʰwaːm˧.saː˨˦.maːt˥˩
ความรู้สึก,kʰwaːm˧ ruː˦˥ sɯk˧
ความลับทางการค้า,kʰwaːm˧.lap˦˥.tʰaːŋ˧.kaːn˧.kʰaː˦˥
ความล้มเหลว,kʰwaːm˧ lom˦˥ leːw˨˦
ความสมดุลระหว่างชีวิตกับการทำงาน,kʰwaːm˧.sa˨˩.ma˨˩.dun˧.ra˦˥.waːŋ˨˩.tɕʰiː˧.wit˦˥.kap˨˩.kaːn˧.tʰam˧.ŋaːn˧
ความสมบูรณ์,khwaːm˧ som˨˦-buːn/˧
ความสัมพันธ์,kʰwaːm˧ sam˨˦ pʰan˧
ความสัมพันธ์ระหว่างประเทศ,khwaːm˧ sam˨˦-phan˧ ra˦˥-waːng˨˩ pra˨˩-theːt/˥˩
ความสามารถ,kʰwaːm˧ saː˨˦ maːt˥˩
ความสำคัญ,kʰwaːm˧ sam˨˦ kʰan˨˦
ความสำเร็จ,kʰwaːm˧ sam˨˦ ret˨˩
ความสุข,kʰwaːm˧ suk˨˩
ความหมาย,kʰwaːm˧ maːj˨˦
ความหลากหลาย,kʰwaːm˧.laːk˨˩.laːj˨˦
ความอดทน,kʰwaːm˧ ʔot˨˩ tʰon˧
ความเกียจคร้าน,kʰwaːm˧ kiːat˨˩ kʰraːn˦˥
ความเกี่ยวข้อง,kʰwaːm˧ kiaw˨˩ kʰɔːŋ˧
ความเข้าใจ,kʰwaːm˧ tɕʰaːm˥˩ tɕaj˧
ความเครียด,kʰwaːm˧.kʰriat˥˩
ความเจริญ,kʰwaːm˧ tɕa˨˩ rɤːn˧
ความเชี่ยวชาญ,kʰwaːm˧ tɕʰiaw˥˩ tɕʰaːn˧
ความเชื่อ,kʰwaːm˧ tɕʰɯːa˧
ความเชื่อมโยง,kʰwaːm˧ tɕʰɯːam˧ joːŋ˧
ความเท่าเทียม,kʰwaːm˧ taw˥˩ thiam˧
ความเป็นธรรม,kʰwaːm˧ pen˧ tʰam˧
ความเพียร,kʰwaːm˧ pʰian˧
ความเมตตา,kʰwaːm˧ meːt˥˩ taː˧
ความเสมอภาค,kʰwaːm˧ sa˨˩ mɯː˧ pʰaːk˥˩
ความเสมอภาคทางกฎหมาย,kʰwaːm˧.sa˨˩.mɤː˨˦.pʰaːk˥˩.tʰaːŋ˧.kot˨˩.maːj˨˦
ความเสี่ยง,kʰwaːm˧ siːaŋ˨˩
ความเสื่อม,kʰwaːm˧ sɯːam˧
ความเหนื่อยล้า,kʰwaːm˧.nɯaj˧.laː˦˥
ความเหลื่อมล้ำ,kʰwaːm˧ lɯːam˧ lam˦˥
ความเห็นทางกฎหมาย,kʰwaːm˧.hen˨˦.tʰaːŋ˧.kot˨˩.maːj˨˦
ความเห็นใจ,kʰwaːm˧ hen˨˦ tɕaj˧
ความแตกต่าง,kʰwaːm˧ tɛːk˧ taːŋ˨˩
ความแตกแยก,kʰwaːm˧ tɛːk˧ jɛːk˧
ความโกรธ,kʰwaːm˧ kroːt˨˩
คะแนนเสียง,kʰa˦˥.nɛːn˧.siaŋ˨˦
คัดค้าน,kʰat˦˥ kʰaːn˦˥
คาดการณ์,kʰaːt˥˩ kaːn˧
คาดคะเน,khaːt˥˩-kha˦˥-neː/˧
คาดหวัง,kʰaːt˥˩ waŋ˨˦
คำคัดค้าน,kʰam˧.kʰat˦˥.kʰaːn˦˥
คำตอบ,kʰam˧.tɔːp˧
คำตัดสิน,kʰam˧.tat˨˩.sin˨˦
คำถาม,kʰam˧.tʰaːm˨˦
คำพิพากษา,kʰam˧.pʰi˦˥.pʰaːk˥˩.saː˨˦
คำพิพากษาคดีขาดนัด,kʰam˧.pʰi˦˥.pʰaːk˥˩.saː˨˦.kʰa˦˥.diː˧.kʰaːt˨˩.nat˦˥
คำพิพากษาตามยอม,kʰam˧.pʰi˦˥.pʰaːk˥˩.saː˨˦.taːm˧.jɔːm˧
คำพิพากษาที่ถึงที่สุด,kʰam˧.pʰi˦˥.pʰaːk˥˩.saː˨˦.tʰiː˥˩.tʰɯŋ˧.tʰiː˥˩.sut˨˩
คำพิพากษาศาลฎีกาที่เป็นบรรทัดฐาน,kʰam˧.pʰi˦˥.pʰaːk˥˩.saː˨˦.saːn˨˦.diː˧.kaː˧.tʰiː˥˩.pen˧.ban˧.tʰat˦˥.tʰaːn˨˦
คำพิพากษาเฉพาะหน้า,kʰam˧.pʰi˦˥.pʰaːk˥˩.saː˨˦.tɕʰa˨˩.pʰɔ˧.naː˥˩
คำฟ้อง,kʰam˧.fɔːŋ˧
คำมั่น,kʰam˧ man˨˩
คำร้อง,kʰam˧.rɔːŋ˧
คำร้องขอให้บังคับคดี,kʰam˧.rɔːŋ˧.kʰɔː˧.haj˥˩.baŋ˧.kʰap˦˥.kʰa˦˥.diː˧
คำวินิจฉัย,kʰam˧.wi˦˥.nit˦˥.tɕʰaj˨˦
คำสนอง,kʰam˧.sa˨˩.nɔːŋ˧
คำสั่ง,kʰam˧.saŋ˨˩
คำสั่งทางปกครอง,kʰam˧.saŋ˨˩.tʰaːŋ˧.pok˨˩.kʰrɔːŋ˧
คำเบิกความ,kʰam˧.bɤːk˨˩.kʰwaːm˧
คำเสนอ,kʰam˧.sa˨˩.nɤː˨˦
คำแถลง,kʰam˧.tʰa˨˩.lɛːŋ˧
คำให้การ,kʰam˧.haj˥˩.kaːn˧
คืบหน้า,kʰɯːp˧ naː˥˩
คุณค่า,khun˧-na˦˥-khaː/˥˩
คุณธรรม,kʰun˧ tʰam˧
คุณภาพ,kʰun˧ na˦˥ pʰaːp˥˩
คุณสมบัติ,kʰun˧.na˦˥.sa˨˩.mat˨˩
คุ้มครอง,kʰum˦˥ kʰroːŋ˧
คู่ความ,kʰuː˥˩.kʰwaːm˧
คู่ค้า,kʰuː˥˩.kʰaː˦˥
คู่มือ,kʰuː˥˩.mɯː˧
คู่มือพนักงาน,kʰuː˥˩.mɯː˧.pʰa˦˥.nak˦˥.ŋaːn˧
คู่สัญญา,kʰuː˥˩.san˨˦.jaː˧
คู่สัญญาทางปกครอง,kʰuː˥˩.san˨˦.jaː˧.tʰaːŋ˧.pok˨˩.kʰrɔːŋ˧
คู่แข่ง,kʰuː˥˩.kʰɛŋ˧
ค่าจ้าง,kʰaː˥˩.tɕaːŋ˥˩
ค่าชดเชย,kʰaː˥˩.tɕʰot˦˥.tɕʰɤːj˧
ค่าชดเชยการเลิกจ้าง,kʰaː˥˩.tɕʰot˦˥.tɕʰɤːj˧.kaːn˧.lɤːk˥˩.tɕaːŋ˥˩
ค่าชดเชยพิเศษ,kʰaː˥˩.tɕʰot˦˥.tɕʰɤːj˧.pʰi˦˥.seːt˨˩
ค่าตอบแทน,kʰaː˥˩.tɔːp˧.tʰɛːn˧
ค่าตอบแทนจูงใจ,kʰaː˥˩.tɔːp˧.tʰɛːn˧.tɕuːŋ˧.tɜj
ค่าทนายความ,kʰaː˥˩.tʰa˦˥.naːj˧.kʰwaːm˧
ค่าธรรมเนียม,kʰaː˥˩.tʰam˧.niam˧
ค่านิยม,kʰaː˥˩ niː˦˥ jom˧
ค่าปรับ,kʰaː˥˩.prap˨˩
ค่าปรึกษากฎหมาย,kʰaː˥˩.prɯk˧.saː˨˦.kot˨˩.maːj˨˦
ค่าฤชาธรรมเนียม,kʰaː˥˩.rɯ˧.tɕʰaː˧.tʰam˧.niam˧
ค่าล่วงเวลา,kʰaː˥˩.luaŋ˥˩.weː˧.laː˧
ค่าเสียหาย,kʰaː˥˩.sia˨˦.haːj˨˦
ค่าเสียหายที่แท้จริง,kʰaː˥˩.sia˨˦.haːj˨˦.tʰiː˥˩.tʰɛːn˧.tɕiŋ˧
ค่าเสียหายเชิงลงโทษ,kʰaː˥˩.sia˨˦.haːj˨˦.tɕʰəːŋ˧.loŋ˧.tʰoːt˥˩
ค่าแรง,kʰaː˥˩.rɛːŋ˧
ค่าแรงขั้นต่ำ,kʰaː˥˩.rɛːŋ˧.kʰan˥˩.tam˨˩
ค่าใช้จ่าย,kʰaː˥˩.tɕʰaːj˦˥.tɕaːj˨˩
ค่าใช้จ่ายในการบังคับคดี,kʰaː˥˩.tɕʰaːj˦˥.tɕaːj˨˩.naj˧.kaːn˧.baŋ˧.kʰap˦˥.kʰa˦˥.diː˧
ค่าใช้จ่ายในคดี,kʰaː˥˩.tɕʰaːj˦˥.tɕaːj˨˩.naj˧.kʰa˦˥.diː˧
งบกระแสเงินสด,ŋop˦˥.kra˨˩.sɛː˧.ŋen˧.sot˨˩
งบกำไรขาดทุน,ŋop˦˥.kam˧.raj˧.kʰaːt˨˩.tʰun˧
งบดุล,ŋop˦˥.dun˧
งบประมาณ,ŋop˦˥ pra˨˩ maːn˧
งบประมาณค่าใช้จ่าย,ŋop˦˥.pra˨˩.maːn˧.kʰaː˥˩.tɕʰaːj˦˥.tɕaːj˨˩
จดหมาย,tɕot˨˩.maːj˨˦
จดหมายอิเล็กทรอนิกส์,tɕot˨˩.maːj˨˦.ʔi˨˩.lek˦˥.tʰrɔː˧.nik˨˩
จรรยาบรรณ,tɕan˧.jaː˧.ban˧
จริยธรรม,tɕa˨˩ riː˦˥ ja˧ tham˧
จัดการ,tɕat˨˩ kaːn˧
จัดสรร,tɕat˨˩ san˨˦
จัดหมวดหมู่,jat˨˩-muat˨˩-muː/˨˩
จำคุก,tɕam˧.kʰuk˦˥
จำนน,tam˧ non˧
จำเป็น,jam˧-pən/˧
จำเลย,tɕam˧.lɤːj˧
จำแนก,tam˧ nɛːk˧
จิตวิทยา,jit˨˩-ta˨˩-with˦˥-tha˦˥-yaː/˧
จิตสำนึก,tɕit˨˩ sam˨˦ nɯk˧
จิตใจ,tɕit˨˩ tɕaj˧
จุดยืน,tɕut˨˩ jɯːn˧
จุดอ่อน,tɕut˨˩ ʔɔːn˧
จุดเด่น,tɕut˨˩ den˨˩
จุดแข็ง,tɕut˨˩ kʰɛŋ˧
จ้างทนาย,tɕaːŋ˥˩.tʰa˦˥.naːj˧
ฉันทามติ,tɕʰan˨˦ thaː˧ ma˦˥ ti˨˩
ชนกลุ่มน้อย,chon˧ glum˨˩ nɔːi/˧
ชมเชย,tɕʰom˧ tɕʰɤːj
ชักชวน,tɕʰak˦˥ tɕʰuːan˧
ชัดเจน,tɕʰat˦˥ tɕeːn˧
ชัดแจ้ง,tɕʰat˦˥ tɕɛːŋ˧
ชันสูตร,tɕʰan˧.na˦˥.suːt˨˩
ชันสูตรพลิกศพ,tɕʰan˧.na˦˥.suːt˨˩.pʰlik˦˥.sop˨˩
ชัยชนะ,tɕʰaj˧ tɕʰa˦˥ na˦˥
ชั่วโมงทำงาน,tɕʰua˥˩.moːŋ˧.tʰam˧.ŋaːn˧
ชายแดน,chaːi˧-daen/˧
ชาวพื้นเมือง,chaːo˧ phʉʉan˧-mʉʉang/˧
ชี้ขาด,tɕʰiː˦˥ kʰaːt˨˩
ชี้แจง,tɕʰiː˦˥ tɕɛːŋ˧
ชื่อเสียง,tɕʰɯː˧ siaŋ˨˦
ชื่อเสียงทางการค้า,tɕʰɯː˧.siaŋ˨˦.tʰaːŋ˧.kaːn˧.kʰaː˦˥
ชุมชน,tɕʰum˧ tɕʰon˧
ช่วยเหลือ,tɕʰuːaj˥˩ lɯːa˧
ช่องทาง,tɕʰɔːŋ˧ tʰaːŋ˧
ซอฟต์แวร์,sɔːp˧-wɛː/˧
ซับซ้อน,sap˦˥-sɔːn/˧
ซาบซึ้ง,saːp˥˩-sʉng˦˥
ฎีกา,diː˧.kaː˧
ฎีกาได้,diː˧.kaː˧.daj˥˩
ฐานข้อมูล,tʰaːn˨˦.kʰɔː˧.muːn˥˩
ฐานะ,thaː˨˦ na˦˥
ดอกเบี้ย,dɔːk˧.bia˥˩
ดอกเบี้ยผิดนัด,dɔːk˧.bia˥˩.pʰit˨˩.nat˦˥
ดังนั้น,dang˧-nan/˦˥
ดัชนี,dat˨˩.tɕʰa˦˥.niː˧
ดัชนีราคาผู้บริโภค,dat˨˩.tɕʰa˦˥.niː˧.raː˧.kʰaː˧.pʰuː˥˩.bɔː˧.ri˦˥.pʰoːk˥˩
ดำเนิน,dam˧ nɤːn
ดำเนินการ,dam˧ nɤːn kaːn˧
ดำเนินต่อไป,dam˧ nɤːn tɔː˧ paj˥˩
ดำเนินไป,dam˧ nɤːn paj˧
ดุลการค้า,dun˧.kaːn˧.kʰaː˦˥
ดุลชำระเงิน,dun˧.tɕʰam˧.ra˦˥.ŋen˧
ดุลพินิจ,dun˧.la˦˥.pʰi˦˥.nit˨˩
ดุลยภาพ,dun˧.ja˦˥.pʰaːp˥˩
ดุษฎีนิพนธ์,dut˨˩-sa˨˩-diː˧-ni˦˥-phon/˧
ดูถูก,duː˧ tʰuːk˨˩
ตกกระไดพลอยโจน,tok˨˩ gra˨˩-dai˧ phlɔːi˧ joːn/˧
ตกลง,tok˨˩ loŋ˧
ตรวจตรา,truːat˨˩ traː˧
ตรวจสอบ,truːat˨˩ sɔːp˧
ตราประทับ,traː˧.pra˨˩.tʰap˦˥
ตราสาร,traː˧.saːn˨˦
ตราสารทุน,traː˧.saːn˨˦.tʰun˧
ตราสารหนี้,traː˧.saːn˨˦.niː˥˩
ตลาด,ta˨˩ laːt˨˩
ตลาดกลาง,ta˨˩.laːt˨˩.klaːŋ˧
ตลาดทุน,ta˨˩.laːt˨˩.tʰun˧
ตลาดหลักทรัพย์,ta˨˩.laːt˨˩.lak˨˩.sap˦˥
ตลาดเงิน,ta˨˩.laːt˨˩.ŋen˧
ตอบ,tɔːp˧
ตอบกลับ,tɔːp˧ klap˨˩
ตอบรับ,tɔːp˧ rap˦˥
ตักเตือน,tak˨˩ tɯːan˧
ตัดเงินเดือน,tat˨˩.ŋen˧.dɯan˧
ตัวชี้วัด,tua˧.tɕʰiː˦˥.wat˦˥
ตัวชี้วัดทางเศรษฐกิจ,tua˧.tɕʰiː˦˥.wat˦˥.tʰaːŋ˧.seːt˨˩.tʰa˨˩.kit˨˩
ตัวอย่าง,tuːa˧ jaːŋ˨˩
ตั้งข้อสังเกต,tang˥˩ khaːw˥˩ song˨˦-geːt/˨˩
ตั้งใจ,taŋ˥˩ tɕaj˧
ตามลำดับ,taːm˧ lam˧-dap/˨˩
ตารางงาน,taː˧-raːng˧ ngaːn/˧
ตำรา,tam˧-raː/˧
ตำหนิ,tam˧ ni˨˩
ตำแหน่ง,tam˧.nɛŋ˧
ติดต่อ,tit˨˩ tɔː˧
ติเตียน,ti˨˩ tian˧
ตีความ,tiː˧ kʰwaːm˧
ตื้นตันใจ,tʉʉn˥˩-tan˧ jai/˧
ตุลาการ,tu˨˩.laː˧.kaːn˧
ตุลาการศาลรัฐธรรมนูญ,tu˨˩.laː˧.kaːn˧.saːn˨˦.rat˦˥.tʰa˨˩.tʰam˧.ma˦˥.nuːn˧
ต่อต้าน,tɔː˧ taːn˥˩
ต่อรอง,tɔː˧ rɔːŋ˧
ต่อว่า,tɔː˧ waː˥˩
ต้นกำเนิด,ton˥˩ kam˧ nɤːt˨˩
ต้นฉบับ,ton˥˩.tɕʰa˨˩.bap˨˩
ต้นทุน,ton˥˩.tʰun˧
ต้นแบบ,ton˥˩ bɛːp˧
ถกเถียง,tʰok˨˩ thiːaŋ˨˦
ถอดความ,tʰɔːt˧ kʰwaːm˧
ถอนเงิน,tʰɔːn˧.ŋen˧
ถาม,thaːm˨˦
ถูกต้องตามกฎหมาย,tʰuːk˨˩.tɔːŋ˧.taːm˧.kot˨˩.maːj˨˦
ถ่ายทอด,thaːj˨˩ tʰɔːt˧
ถ่ายโอน,thaːj˨˩ ʔoːn˧
ถ้อยคำ,tʰɔj˧.kʰam˧
ทนาย,tʰa˦˥.naːj˧
ทนายความ,tʰa˦˥.naːj˧.kʰwaːm˧
ทนายความธุรกิจ,tʰa˦˥.naːj˧.kʰwaːm˧.tʰu˦˥.ra˦˥.kit˨˩
ทนายความอาญา,tʰa˦˥.naːj˧.kʰwaːm˧.ʔaː˧.jaː˧
ทนายความแพ่ง,tʰa˦˥.naːj˧.kʰwaːm˧.pʰɛŋ˧
ทนายจำเลย,tʰa˦˥.naːj˧.tɕam˧.lɤːj˧
ทนายโจทก์,tʰa˦˥.naːj˧.tɕoːk˨˩
ทรัพยากรธรรมชาติ,sap˦˥-pha˦˥-yaː˧-gɔːn˧ tham˧-ma˦˥-chaːt/˥˩
ทรัพยากรบุคคล,sap˦˥.pʰa˦˥.jaː˧.kɔːn˧.buk˨˩.kʰon˧
ทรัพยากรมนุษย์,sap˦˥.pʰa˦˥.jaː˧.kɔːn˧.ma˦˥.nut˦˥
ทรัพย์มรดก,sap˦˥.mɔː˧.ra˦˥.dok˨˩
ทรัพย์สิน,sap˦˥.pʰa˦˥.sin˨˦
ทรัพย์สินทางปัญญา,sap˦˥.pʰa˦˥.sin˨˦.tʰaːŋ˧.pan˧.jaː˧
ทรัสต์,tʰras˦˥
ทฤษฎี,tʰrit˦˥ sa˨˩ diː˧
ทวีป,tha˦˥-wiːp/˥˩
ทอดทิ้ง,tʰɔːt˧ tʰiŋ˦˥
ทะเบียน,tʰa˦˥.bian˧
ทะเบียนการค้า,tʰa˦˥.bian˧.kaːn˧.kʰaː˦˥
ทะเบียนนิติบุคคล,tʰa˦˥.bian˧.ni˦˥.ti˨˩.buk˨˩.kʰon˧
ทะเล,tha˦˥-leː/˧
ทักทาย,tʰak˦˥ tʰaːj˧
ทักษะ,tʰak˦˥ sa˨˩
ทักษะการคิดวิเคราะห์,tʰak˦˥.sa˨˩.kaːn˧.kʰit˦˥.wi˦˥.kʰrɔ˧
ทักษะการนำเสนอ,tʰak˦˥.sa˨˩.kaːn˧.nam˧.sa˨˩.nɤː˨˦
ทักษะการสื่อสาร,tʰak˦˥.sa˨˩.kaːn˧.sɯː˧.saːn˨˦
ทักษะการเจรจาต่อรอง,tʰak˦˥.sa˨˩.kaːn˧.tɕeː˧.ra˦˥.tɕaː˧.tɔː˧.rɔːŋ˧
ทักษะการแก้ปัญหา,tʰak˦˥.sa˨˩.kaːn˧.kɛː˧.pan˨˦.haː˨˦
ทักษะภาวะผู้นำ,tʰak˦˥.sa˨˩.pʰaː˧.wa˦˥.pʰuː˥˩.nam˥˩
ทัณฑสถาน,tʰan˧.tʰa˦˥.sa˨˩.tʰaːn˨˦
ทันตแพทย์,than˧-ta˨˩-phɛt/˧
ทัศนคติ,tʰat˦˥ sa˨˩ na˦˥ kʰa˨˩ ti˨˩
ทัศนคติเชิงบวก,that˦˥-sa˨˩-na˦˥-kha˨˩-ti˨˩ choeng˧ buak/˨˩
ทั้ง...และ,thang˦˥...lɛ/˧
ทั้งนี้,thang˦˥-niː/˦˥
ทางออก,thaːŋ˧ ʔɔːk˧
ทางเลือก,thaːŋ˧ lɯːak˧
ทายาท,tʰaː˧.jaːt˥˩
ทิศทาง,tʰit˦˥ tʰaːŋ˧
ทีมงาน,tʰiːm˧.ŋaːn˧
ทีมวิทยากร,tʰiːm˧.wit˦˥.tʰa˦˥.jaː˧.kɔːn˧
ที่ประชุม,tʰiː˥˩.pra˨˩.tʰum˧
ที่ปรึกษากฎหมาย,tʰiː˥˩.prɯk˧.saː˨˦.kot˨˩.maːj˨˦
ที่มา,tʰiː˥˩ maː˧
ทุน,tʰun˧
ทุนการศึกษา,thun˧ gaːn˧-sʉk˨˩-saː/˨˦
ทุนประกัน,tʰun˧.pra˨˩.kan˧
ทุนอุดหนุน,thun˧ ut˨˩-nun/˨˦
ธนาคาร,tʰa˦˥.naː˧.kʰaːn˧
ธนาคารกลาง,tʰa˦˥.naː˧.kʰaːn˧.klaːŋ˧
ธนาคารพัฒนา,tʰa˦˥.naː˧.kʰaːn˧.pʰat˦˥.tʰa˦˥.naː˧
ธนาคารพาณิชย์,tʰa˦˥.naː˧.kʰaːn˧.pʰaː˧.nit˦˥
ธนาคารออมสิน,tʰa˦˥.naː˧.kʰaːn˧.ʔɔːm˧.sin˨˦
ธนาคารอาคารสงเคราะห์,tʰa˦˥.naː˧.kʰaːn˧.ʔaː˧.kʰaːn˧.soŋ˨˦.kʰrɔ˧
ธนาคารเพื่อการเกษตร,tʰa˦˥.naː˧.kʰaːn˧.pʰɯa˧.kaːn˧.ka˨˩.set˨˩
ธรรมชาติ,tʰam˦˥ ma˦˥ chat˥˩
ธรรมาภิบาล,tʰam˧ maː˧ pʰi˦˥ baːn˧
ธุรกรรม,tʰu˦˥.ra˨˩.kam˧
ธุรกิจ,tʰu˦˥ ra˦˥ kit˨˩
ธุรกิจค้าปลีก,tʰu˦˥.ra˦˥.kit˨˩.kʰaː˦˥.pliːk˨˩
ธุรกิจค้าส่ง,tʰu˦˥.ra˦˥.kit˨˩.kʰaː˦˥.soŋ˨˩
นวัตกรรม,na˦˥ wat˦˥ ta˦˥ kam˨˩
นอกจากนี้,nɔːk˧-jaːk˨˩-niː/˦˥
นักทรัพยากรบุคคล,nak˦˥.sap˦˥.pʰa˦˥.jaː˧.kɔːn˧.buk˨˩.kʰon˧
นักธุรกิจ,nak˦˥.tʰu˦˥.ra˦˥.kit˨˩
นักลงทุน,nak˦˥.loŋ˧.tʰun˧
นักศึกษาฝึกงาน,nak˦˥.sɯk˧.saː˨˦.fɯk˧.ŋaːn˧
นักเศรษฐศาสตร์,nak˦˥.seːt˨˩.tʰa˦˥.saːt˨˩
นัดพิจารณา,nat˦˥.pʰi˦˥.tɕaː˧.ra˦˥.naː˧
นัดฟังคำพิพากษา,nat˦˥.faŋ˧.kʰam˧.pʰi˦˥.pʰaːk˥˩.saː˨˦
นับตั้งแต่,nap˦˥ tang˥˩-tɛː/˧
นับถือ,nap˦˥-thʉʉ˨˦
นัย,naj˧
นายกรัฐมนตรี,naː˧-yok˦˥ rat˦˥-tha˨˩-mon˧-triː/˧
นายจ้าง,naːj˧.tɕaːŋ˥˩
นำเสนอ,nam˧ sa˨˩ nɤː˨˦
นิตยสาร,nit˦˥-ta˨˩-ya˦˥-saːn/˨˦
นิติกร,ni˦˥.ti˨˩.kɔːn˧
นิติกรรม,ni˦˥.ti˨˩.kam˧
นิติธรรม,ni˦˥.ti˨˩.tʰam˧
นิติบุคคล,ni˦˥.ti˨˩.buk˨˩.kʰon˧
นิติรัฐ,ni˦˥.ti˨˩.rat˦˥
นิติสัมพันธ์,ni˦˥.ti˨˩.sam˨˦.pʰan˧
นิติเวช,ni˦˥.ti˨˩.weːt˥˩
นินทา,nin˧ tʰaː˧
นโยบาย,na˦˥ joː˧ baːj˧
นโยบายการคลัง,noː˧.ja˦˥.baːj˧.kaːn˧.kʰlaŋ˧
นโยบายการเงิน,noː˧.ja˦˥.baːj˧.kaːn˧.ŋen˧
น่าประทับใจ,naː˥˩ pra˨˩-thap˦˥-jai/˧
น้ำหนักพยานหลักฐาน,nam˦˥.nak˨˩.pʰa˦˥.jaːn˧.lak˨˩.tʰaːn˨˦
น้ำใจ,naːm˦˥ tɕaj˧
บทบาท,bot˨˩ pʰaːt˨˩
บทเรียน,bot˨˩ rian/˧
บรรจุ,ban˧-ju/˨˩
บรรณาธิการ,ban˧-naː˧-thi˦˥-gaːn/˧
บรรทัดฐาน,ban˧.tʰat˦˥.tʰaːn˨˦
บรรยากาศการทำงาน,ban˧.jaː˧.kaːt˨˩.kaːn˧.tʰam˧.ŋaːn˧
บรรยาย,ban˧ jaːj˧
บรรลุ,ban˧ lu˦˥
บรรษัท,ban˧.sat˨˩
บรรเทา,ban˧ tʰaw˧
บรรเทาทุกข์,ban˧.tʰaw˧.tʰuk˦˥
บริษัท,bɔː˧.ri˦˥.sat˨˩
บริษัทจดทะเบียน,bɔː˧-ri˦˥-sat˨˩ jot˨˩-tha˦˥-bian/˥˩
บริษัทประกัน,bɔː˧.ri˦˥.sat˨˩.pra˨˩.kan˧
บริษัทประกันชีวิต,bɔː˧.ri˦˥.sat˨˩.pra˨˩.kan˧.tɕʰiː˧.wit˦˥
บริษัทประกันวินาศภัย,bɔː˧.ri˦˥.sat˨˩.pra˨˩.kan˧.wi˦˥.naːt˥˩.pʰaj˧
บริษัทย่อย,bɔː˧.ri˦˥.sat˨˩.jɔːj˧
บริษัทหลักทรัพย์,bɔː˧.ri˦˥.sat˨˩.lak˨˩.sap˦˥
บริษัทในเครือ,bɔː˧.ri˦˥.sat˨˩.naj˧.kʰrɯa˧
บริหาร,bɔː˧ ri˦˥ haːn˧
บังคับ,baŋ˧ kʰap˦˥
บัญชี,ban˧.tɕʰiː˧
บัญชีธนาคาร,ban˧.tɕʰiː˧.tʰa˦˥.naː˧.kʰaːn˧
บัญชีรายรับรายจ่าย,ban˧.tɕʰiː˧.raːj˧.rap˦˥.raːj˧.tɕaːj˨˩
บัณฑิต,ban˧-dit/˨˩
บัตรเครดิต,bat˨˩.kʰreː˧.dit˨˩
บัตรเดบิต,bat˨˩.deː˧.bit˨˩
บันทึก,ban˧.tʰɯk˧
บันทึกข้อความ,ban˧.tʰɯk˧.kʰɔː˧.kʰwaːm˧
บันทึกคำให้การ,ban˧.tʰɯk˧.kʰam˧.haj˥˩.kaːn˧
บันทึกถ้อยคำ,ban˧.tʰɯk˧.tʰɔj˧.kʰam˧
บำเหน็จบำนาญ,bam˧.net˨˩.bam˧.naːn˧
บีบบังคับ,biːp˨˩ baŋ˧ kʰap˦˥
บุคลิกภาพ,buk˨˩-kha˨˩-lik˦˥-ga˨˩-phaːp/˥˩
ปกปิด,pok˨˩ pit˨˩
ปกป้อง,pok˨˩ pɔːŋ˧
ปฏิบัติ,pa˨˩ ti˨˩ bat˨˩
ปฏิภาณ,pa˨˩ ti˨˩ pʰaːn˧
ปฏิรูป,pa˨˩ ti˨˩ ruːp˥˩
ปฏิเสธ,pa˨˩ ti˨˩ seːt˨˩
ปรองดอง,proːŋ˧ dɔːŋ˧
ประกันตัว,pra˨˩.kan˧.tua˧
ประกันสังคม,pra˨˩.kan˧.saŋ˨˦.kʰom˧
ประกาศ,pra˨˩ kaːt˨˩
ประชาธิปไตย,pra˨˩ chaː˧ thip˦˥ pa˨˩ taj˧
ประชามติ,pra˨˩-chaː˧-ma˦˥-ti/˨˩
ประชาสังคม,pra˨˩ chaː˧ saŋ˨˦ khom˧
ประชาสัมพันธ์,pra˨˩ chaː˧ sam˨˦ pʰan˧
ประชุม,pra˨˩ tɕʰum˧
ประท้วง,pra˨˩ tʰuːaŋ˦˥
ประธาน,pra˨˩.tʰaːn˧
ประธานกรรมการ,pra˨˩.tʰaːn˧.kam˧.ma˦˥.kaːn˧
ประธานศาลฎีกา,pra˨˩.tʰaːn˧.saːn˨˦.diː˧.kaː˧
ประธานศาลอุทธรณ์,pra˨˩.tʰaːn˧.saːn˨˦.ʔut˨˩.tʰɔːn˧
ประธานเจ้าหน้าที่บริหาร,pra˨˩.tʰaːn˧.tɕaw˥˩.naː˨˩.tʰiː˥˩.bɔː˧.ri˦˥.haːn˧
ประนีประนอม,pra˨˩ niː˦˥ pra˨˩ nɔːm˧
ประมวล,pra˨˩ muːan˧
ประมวลกฎหมาย,pra˨˩.muan˧.kot˨˩.maːj˨˦
ประวัติการทำงาน,pra˨˩-wat˨˩ gaːn˧ tham˧-ngaːn/˧
ประวัติย่อ,pra˨˩.wat˨˩.ti˨˩.jɔː˧
ประวัติส่วนตัว,pra˨˩.wat˨˩.suːan˨˩.tua˧
ประสบ,pra˨˩ sop˨˩
ประสบการณ์,pra˨˩.sop˨˩.kaːn˧
ประสบความสำเร็จ,pra˨˩-sop˨˩ khwaːm˧ sam˨˦-ret/˨˩
ประสิทธิผล,pra˨˩ sit˨˩ ti˦˥ pʰon˨˦
ประสิทธิภาพ,pra˨˩ sit˨˩ ti˦˥ pʰaːp˥˩
ประเด็น,pra˨˩ den˧
ประเทศ,pra˨˩-theːt/˥˩
ประเพณี,pra˨˩ pʰeː˧ niː˧
ประเมิน,pra˨˩ mɤːn˧
ประโยชน์,pra˨˩ joːt˨˩
ปรับปรุง,prap˨˩ pruŋ˧
ปรับเปลี่ยน,prap˨˩ pliːan˨˩
ปริญญา,pra˨˩-rin˧-yaː/˧
ปริญญาตรี,pa˨˩.rin˧.jaː˧.triː˧
ปริญญาเอก,pa˨˩.rin˧.jaː˧.ʔeːk˨˩
ปริญญาโท,pa˨˩.rin˧.jaː˧.tʰoː˧
ปริมาณ,pri˨˩ maːn˧
ปริมาณการผลิต,pa˨˩.ri˦˥.maːn˧.kaːn˧.pʰa˨˩.lit˨˩
ปรึกษา,prak˨˩ saː˨˦
ปลดออก,plot˨˩.ʔɔːk˧
ปลัดอำเภอ,plat˨˩ am˧-phəə/˧
ปลาบปลื้ม,plaːp˨˩-plʉʉm˥˩
ปล่อยตัวชั่วคราว,plɔj˧.tua˧.tɕʰua˥˩.kʰraːw˧
ปัจจัย,pat˨˩ tɕaj˨˩
ปัญญา,pan˧ jaː˧
ปัญญาประดิษฐ์,ban˧-yaː˧ pra˨˩-dit/˨˩
ปัญญาเทียม,ban˧-yaː˧ thiam/˧
ปัญหา,pan˨˦ haː˨˦
ปากหวานก้นเปรี้ยว,paːk˨˩ waːn˨˦ gon˥˩ priaw/˥˩
ปิดบัง,pit˨˩ baŋ˧
ป่าไม้,paː˨˩ maːi/˦˥
ผนวก,pʰa˨˩ nuːak˨˩
ผลกระทบ,pʰon˨˦ kra˨˩ thop˦˥
ผลการปฏิบัติงาน,pʰon˨˦.kaːn˧.pa˨˩.tib˨˩.ŋaːn˧
ผลข้างเคียง,pʰon˨˦ kʰaːŋ˥˩ kʰiaŋ˧
ผลตอบแทน,pʰon˨˦.tɔːp˧.tʰɛːn˧
ผลตอบแทนรวม,pʰon˨˦.tɔːp˧.tʰɛːn˧.ruaːm˧
ผลประโยชน์,pʰon˨˦ pra˨˩ joːt˨˩
ผลลัพธ์,pʰon˨˦ lap˦˥
ผลสัมฤทธิ์,pʰon˨˦ sam˨˦ rit˦˥
ผลักดัน,pʰlak˨˩ dan˧
ผลิตภัณฑ์มวลรวมในประเทศ,pʰa˨˩.lit˨˩.ta˨˩.pʰan˧.muːaːn˧.ruaːm˧.naj˧.pra˨˩.tʰeːt˥˩
ผลิตภาพ,pʰa˨˩.lit˨˩.ta˨˩.pʰaːp˥˩
ผังองค์กร,pʰaŋ˨˦.ʔoŋ˧.kɔːn˧
ผัดผ่อน,pʰat˨˩ pʰɔːn˧
ผู้คุม,pʰuː˥˩.kʰum˧
ผู้จัดการ,pʰuː˥˩.tɕat˨˩.kaːn˧
ผู้จัดการทั่วไป,pʰuː˥˩.tɕat˨˩.kaːn˧.tʰua˨˩.paj˧
ผู้จัดการฝ่าย,pʰuː˥˩.tɕat˨˩.kaːn˧.faːj˨˩
ผู้จัดการมรดก,pʰuː˥˩.tɕat˨˩.kaːn˧.mɔː˧.ra˦˥.dok˨˩
ผู้จัดจำหน่าย,pʰuː˥˩.tɕat˨˩.tɕam˧.naːj˨˩
ผู้ชม,phuː˥˩ chom/˧
ผู้ชำระบัญชี,pʰuː˥˩.tɕʰam˧.ra˦˥.ban˧.tɕʰiː˧
ผู้ตรวจสอบภายนอก,pʰuː˥˩.truat˨˩.sɔːp˧.pʰaːj˧.nɔːk˧
ผู้ตรวจสอบภายใน,pʰuː˥˩.truat˨˩.sɔːp˧.pʰaj˧.naj˧
ผู้ต้องหา,pʰuː˥˩.tɔŋ˧.haː˨˦
ผู้ถือหุ้น,pʰuː˥˩.tʰɯː˧.hun˥˩
ผู้ถูกกล่าวหา,pʰuː˥˩.tʰuːk˨˩.klaːw˨˩.haː˨˦
ผู้บริหาร,pʰuː˥˩.bɔː˧.ri˦˥.haːn˧
ผู้บริโภค,pʰuː˥˩.bɔː˧.ri˦˥.pʰoːk˥˩
ผู้บังคับบัญชา,pʰuː˥˩.baŋ˧.kʰap˦˥.ban˧.tɕʰaː˧
ผู้ประกอบการ,pʰuː˥˩.pra˨˩.kɔːp˧.kaːn˧
ผู้ผลิต,pʰuː˥˩.pʰa˨˩.lit˨˩
ผู้พิทักษ์ทรัพย์,pʰuː˥˩.pʰi˦˥.tʰak˦˥.sap˦˥
ผู้พิพากษา,pʰuː˥˩.pʰi˦˥.pʰaːk˥˩.saː˨˦
ผู้พิพากษาหัวหน้าศาล,pʰuː˥˩.pʰi˦˥.pʰaːk˥˩.saː˨˦.hua˨˦.naː˥˩.saːn˨˦
ผู้ฟัง,phuː˥˩ fang/˧
ผู้มีอำนาจ,pʰuː˥˩.miː˧.ʔam˧.naːt˨˩
ผู้รับผลประโยชน์,pʰuː˥˩.rap˦˥.pʰon˨˦.pra˨˩.joːt˨˩
ผู้รับพินัยกรรม,pʰuː˥˩.rap˦˥.pʰi˦˥.naj˧.kam˧
ผู้ลี้ภัย,phuː˥˩ leː˦˥-phai/˧
ผู้สมัครงาน,pʰuː˥˩.sa˨˩.mak˨˩.ŋaːn˧
ผู้สอบทาน,pʰuː˥˩.sɔːp˧.tʰaːn˧
ผู้สอบบัญชี,pʰuː˥˩.sɔːp˧.ban˧.tɕʰiː˧
ผู้สื่อข่าว,phuː˥˩ sʉʉ˨˩-khaːo/˨˩
ผู้อนุมัติ,pʰuː˥˩.ʔa˨˩.nu˦˥.mat˦˥
ผู้เสียหาย,pʰuː˥˩.sia˨˦.haːj˨˦
ผู้เอาประกัน,pʰuː˥˩.ʔaw˧.pra˨˩.kan˧
ผู้แทน,phuː˥˩-thɛːn/˧
ผู้ใช้,phuː˥˩ chai/˦˥
ผู้ใช้บริการ,pʰuː˥˩.tɕʰaːj˦˥.bɔː˧.ri˦˥.kaːn˧
ผู้ใต้บังคับบัญชา,pʰuː˥˩.taj˥˩.baŋ˧.kʰap˦˥.ban˧.tɕʰaː˧
ฝีมือ,fiː˨˦ mɯː˧
ฝ่าย,faːj˨˩
ฝ่ายกฎหมาย,faːj˨˩.kot˨˩.maːj˨˦
ฝ่ายทรัพยากรบุคคล,faːj˨˩.sap˦˥.pʰa˦˥.jaː˧.kɔːn˧.buk˨˩.kʰon˧
พนักงาน,pʰa˦˥.nak˦˥.ŋaːn˧
พนักงานชั่วคราว,pʰa˦˥.nak˦˥.ŋaːn˧.tɕʰua˥˩.kʰraːw˧
พนักงานประจำ,pʰa˦˥.nak˦˥.ŋaːn˧.pra˨˩.tɕam˧
พนักงานพาร์ทไทม์,pʰa˦˥.nak˦˥.ŋaːn˧.pʰaːt˥˩.tʰajm˧
พนักงานรายวัน,pʰa˦˥.nak˦˥.ŋaːn˧.raːj˧.wan˧
พนักงานรายเดือน,pʰa˦˥.nak˦˥.ŋaːn˧.raːj˧.dɯan˧
พนักงานสอบสวน,pʰa˦˥.nak˦˥.ŋaːn˧.sɔp˧.suan˨˦
พนักงานอัยการ,pʰa˦˥.nak˦˥.ŋaːn˧.ʔaj˧.ja˦˥.kaːn˧
พนักงานเหมา,pʰa˦˥.nak˦˥.ŋaːn˧.maw˨˦
พยาน,pʰa˦˥.jaːn˧
พยานบอกเล่า,pʰa˦˥.jaːn˧.bɔːk˧.law˥˩
พยานบุคคล,pʰa˦˥.jaːn˧.buk˨˩.kʰon˧
พยานผู้รู้เห็น,pʰa˦˥.jaːn˧.pʰuː˥˩.ruː˦˥.hen˨˦
พยานผู้เชี่ยวชาญ,pʰa˦˥.jaːn˧.pʰuː˥˩.tɕʰiaː˥˩.tɕʰaːn˧
พยานวัตถุ,pʰa˦˥.jaːn˧.wat˦˥.tʰu˨˩
พยานหลักฐาน,pʰa˦˥.jaːn˧.lak˨˩.tʰaːn˨˦
พยานเอกสาร,pʰa˦˥.jaːn˧.ʔeːk˨˩.ka˨˩.saːn˨˦
พยาบาล,pha˦˥-yaː˧-baːn/˧
พรรคการเมือง,phak˦˥ gaːn˧-mʉʉang/˧
พระราชบัญญัติ,pʰra˦˥.raːt˥˩.tɕʰa˦˥.ban˧.jat˨˩
พระราชบัญญัติการจัดซื้อจัดจ้าง,pʰra˦˥.raːt˥˩.tɕʰa˦˥.ban˧.jat˨˩.kaːn˧.tɕat˨˩.sɯː˧.tɕat˨˩.tɕaːŋ˥˩
พฤติกรรม,phrʉt˦˥-ti˨˩-gam/˧
พลัง,pʰa˦˥ laŋ˧
พลังงาน,phla˧-ngan/˧
พลังงานนิวเคลียร์,phla˧-ngan˧ niu˧-khlia/˧
พลังงานลม,phla˧-ngan˧ lom/˧
พหุวัฒนธรรม,pha˦˥-hu˨˩ wat˦˥-tha˦˥-na˦˥-tham/˧
พอร์ตการลงทุน,pʰɔːt˧.kaːn˧.loŋ˧.tʰun˧
พักงาน,pʰak˦˥.ŋaːn˧
พัฒนา,pʰat˦˥ ta˦˥ naː˧
พันธกิจ,pʰan˧ tʰa˦˥ kit˨˩
พันธบัตร,pʰan˧.tʰa˦˥.bat˨˩
พันธมิตร,pʰan˧ tʰa˦˥ mit˦˥
พันธสัญญา,pʰan˧ tʰa˦˥ san˨˦ jaː˧
พันธะ,pʰan˧ tʰa˦˥
พาณิชย์,pʰaː˧.nit˦˥
พาณิชย์อิเล็กทรอนิกส์,pʰaː˧.nit˦˥.ʔi˨˩.lek˦˥.tʰrɔː˧.nik˨˩
พิจารณา,pʰi˦˥ tɕaː˧ ra˦˥ naː˧
พินัยกรรม,pʰi˦˥.naj˧.kam˧
พิพากษายกฟ้อง,pʰi˦˥.pʰaːk˥˩.saː˨˦.jok˦˥.fɔːŋ˧
พิพากษาให้จำคุก,pʰi˦˥.pʰaːk˥˩.saː˨˦.haj˥˩.tɕam˧.kʰuk˦˥
พิพากษาให้ชำระ,pʰi˦˥.pʰaːk˥˩.saː˨˦.haj˥˩.tɕʰam˧.ra˦˥
พิพิธภัณฑ์,phi˦˥-phit˦˥-tha˦˥-phan/˧
พี่เลี้ยง,pʰiː˥˩.liaŋ˦˥
พื้นฐาน,pʰɯːan˧ thaːn˨˦
พื้นที่,phʉʉan˧-thiː/˥˩
พูด,pʰuːt˥˩
พูดถึง,pʰuːt˥˩ thɯŋ˧
พูดแทรก,pʰuːt˥˩ sɛːk˧
พ้นจากตำแหน่ง,phon˦˥ jaːk˨˩ tam˧-nɛng/˧
ฟัง,faŋ˧
ฟื้นตัว,fɯːn˧ tuːa˧
ฟื้นฟู,fɯːn˧ fuː˧
ฟ้องร้อง,fɔːŋ˧ rɔːŋ˧
ภราดรภาพ,pha˦˥-raː˧-dɔːn˧ ra˦˥-phaːp/˥˩
ภัยพิบัติ,pʰaj˧ pʰi˦˥ bat˨˩
ภาคทัณฑ์,pʰaːk˥˩.tʰan˧
ภาระ,pʰaː˧ ra˦˥
ภาระการพิสูจน์,pʰaː˧.ra˦˥.kaːn˧.pʰi˦˥.suːt˨˩
ภาวะ,pʰaː˧ wa˦˥
ภาวะหมดไฟ,pʰaː˧.wa˦˥.mot˨˩.faj˧
ภาวะเงินฝืด,pʰaː˧.wa˦˥.ŋen˧.fɯt˧
ภาวะเงินเฟ้อ,pʰaː˧.wa˦˥.ŋen˧.fəː˧
ภาวะเศรษฐกิจถดถอย,pʰaː˧.wa˦˥.seːt˨˩.tʰa˨˩.kit˨˩.tʰot˨˩.tʰɔːj˧
ภาวะโลกร้อน,phaː˧-wa˦˥ loːk˥˩ rɔːn/˧
ภาษี,pʰaː˧.siː˨˦
ภาษีนิติบุคคล,pʰaː˧.siː˨˦.ni˦˥.ti˨˩.buk˨˩.kʰon˧
ภาษีมูลค่าเพิ่ม,pʰaː˧.siː˨˦.muːn˧.la˦˥.kʰaː˥˩.tʰem˥˩
ภาษีศุลกากร,pʰaː˧.siː˨˦.sun˨˦.la˨˩.kaː˧.kɔːn˧
ภาษีเงินได้,pʰaː˧.siː˨˦.ŋen˧.daj˥˩
ภูมิคุ้มกัน,phuːm˧ khum˦˥-gan/˧
ภูมิทัศน์,phuː˧-mi˦˥-that/˦˥
ภูมิภาค,phuː˧-mi˦˥-phaːk/˥˩
ภูเขา,phuː˧-khao/˨˦
มติ,ma˦˥ ti˨˩
มรดก,mɔː˧.ra˦˥.dok˨˩
มลพิษ,mon˧-la˦˥-phit/˦˥
มลภาวะ,mon˧-la˦˥-phaː˧-wa/˦˥
มหาวิทยาลัย,ma˦˥-haː˨˦ wit˦˥-tha˦˥-yaː˧-lai/˧
มหาสมุทร,ma˦˥-haː˨˦-sa˨˩-mut/˨˩
มอบ,mɔːp˧
มอบตัว,mɔːp˧ tuːa˧
มอบหมาย,mɔːp˧ maːj˨˦
มอบอำนาจ,mɔːp˧ am˧-naːt/˥˩
มั่นคง,man˥˩-khong/˧
มาตรฐาน,maːt˨˩ tra˨˩ thaːn˨˦
มีชื่อเสียง,miː˧ chʉʉ˥˩ siang/˨˦
มีประสิทธิภาพ,miː˧ pra˨˩-sit˨˩-thi˦˥-phaːp/˥˩
มีผล,miː˧ pʰon˨˦
มีผลบังคับใช้,miː˧.pʰon˨˦.baŋ˧.kʰap˦˥.tɕʰaːj˦˥
มุมมอง,mum˧ mɔːŋ˧
มุ่งหมาย,muŋ˥˩ maːj˨˦
มุ่งเน้น,muŋ˥˩ nen˦˥
มูลคดี,muːn˧.kʰa˦˥.diː˧
มูลค่า,muːn˧.la˦˥.kʰaː˥˩
มูลค่ากรมธรรม์,muːn˧.la˦˥.kʰaː˥˩.krom˧.tʰam˧
มูลค่าตลาด,muːn˧.la˦˥.kʰaː˥˩.ta˨˩.laːt˨˩
มูลค่าเพิ่ม,muːn˧.la˦˥.kʰaː˥˩.tʰem˥˩
มโนธรรม,ma˦˥ noː˧ tʰam˧
ยกฟ้อง,jok˦˥.fɔːŋ˧
ยกย่อง,jok˦˥ jɔːŋ˧
ยกเว้น,jok˦˥.wen˦˥
ยอดขาย,jɔːt˧.kʰaːj˨˦
ยอม,jɔːm˧
ยอมรับ,jɔːm˧ rap˦˥
ยับยั้ง,jap˦˥ jaŋ˦˥
ยั่งยืน,yaːng˥˩ yʉʉn
ยา,yaː/˧
ยืนยัน,jɯːn˧ jan˧
ยุติ,ju˦˥ ti˨˩
ยุทธศาสตร์,jut˦˥ tha˦˥ saːt˨˩
ยุ่งยาก,yung˥˩-yaːk/˥˩
ย่อ,jɔː˧
ย้ำ,jam˦˥
รณรงค์,ron˧ na˦˥ ron˧
รวดเร็ว,ruat˥˩ rew˨˦
รวบรวม,ruːap˥˩ ruːam˧
รวบรัด,ruːap˥˩ rat˦˥
รวม,ruːam˧
รวมรวม,ruːam˧ ruːam˧
รองประธานกรรมการ,rɔːŋ˧.pra˨˩.tʰaːn˧.kam˧.ma˦˥.kaːn˧
ระงับ,ra˦˥ ŋap˦˥
ระดับ,ra˦˥ dap˨˩
ระบบ,ra˦˥ bop˨˩
ระบบนิเวศ,ra˦˥-bop˨˩ ni˦˥-weːt/˥˩
ระบอบ,ra˦˥-bɔːp/˧
ระบุ,ra˦˥ bu˨˩
ระยะเวลา,ra˦˥ ja˨˩ weː˧ laː˧
ระยะเวลาฎีกา,ra˦˥.ya˧.weː˧.laː˧.diː˧.kaː˧
ระยะเวลาทดลองงาน,ra˦˥.ya˧.weː˧.laː˧.tʰot˦˥.lɔːŋ˧.ŋaːn˧
ระยะเวลาอุทธรณ์,ra˦˥.ya˧.weː˧.laː˧.ʔut˨˩.tʰɔːn˧
ระเบียบ,ra˦˥.biap˨˩
ระเบียบวาระ,ra˦˥.biap˨˩.waː˧.ra˦˥
รักษา,rak˦˥ saː˨˦
รัฐ,rat˦˥
รัฐธรรมนูญ,rat˦˥.tʰa˨˩.tʰam˧.ma˦˥.nuːn˧
รัฐบาล,rat˦˥ tha˨˩ baːn˧
รัฐมนตรี,rat˦˥-tha˨˩-mon˧-triː/˧
รัฐสภา,rat˦˥-tha˨˩-sa˨˩-phaː/˧
รัฐเดี่ยว,rat˦˥ diaw/˨˩
รับประกัน,rap˦˥ pra˨˩ kan˧
รับปาก,rap˦˥ paːk˨˩
รับรอง,rap˦˥ rɔːŋ˧
รับว่าความ,rap˦˥.waː˥˩.kʰwaːm˧
รับสาร,rap˦˥ saːn˨˦
รั่วไหล,ruːa˥˩ laj˨˦
รากฐาน,raːk˥˩ thaːn˨˦
ราคา,raː˧.kʰaː˧
ราคากลาง,raː˧.kʰaː˧.klaːŋ˧
รางวัล,raːŋ˧.wan˧
ราชการ,raːt˥˩-cha˦˥-gaːn/˧
ราชอาณาจักร,raːt˥˩-cha˦˥ aː˧-naː˧-jak/˨˩
รายงาน,raːj˧ ŋaːn˧
รายงานการประชุม,raːj˧.ŋaːn˧.kaːn˧.pra˨˩.tʰum˧
รายรับ,raːj˧.rap˦˥
รายละเอียด,raːj˧ la˦˥ ʔiːat˨˩
รายได้,raːj˧.daj˥˩
รายได้ต่อเดือน,raːj˧.daj˥˩.tɔː˧.dɯan˧
รุนแรง,run˧-raeng/˧
รูปแบบ,ruːp˥˩ bɛːp˧
ร่วมมือ,ruam˥˩ mɯː˧
ร้องเรียน,rɔːŋ˧ rian˧
ลงความเห็น,long˧ khwaːm˧-hen/˨˦
ลด,lot˦˥
ละติจูด ลองจิจูด,la˦˥-ti˨˩-juːt˨˩ lɔng˧-ji˨˩-juːt/˨˩
ละทิ้ง,la˦˥ tʰiŋ˦˥
ละเลย,la˦˥ lɤːj˧
ละเว้น,la˦˥ wen˦˥
ละเอียดอ่อน,la˦˥-iat˨˩-ɔːn/˧
ลากิจ,laː˧.kit˨˩
ลาก่อน,laː˧ kɔːn˧
ลาคลอด,laː˧.kʰlɔːt˧
ลาป่วย,laː˧.puay˨˩
ลาพักร้อน,laː˧.pʰak˦˥.rɔːn˧
ลายนิ้วมือ,laːj˧.niw˦˥.mɯː˧
ลายพิมพ์ดีเอ็นเอ,laːj˧.pʰim˦˥.diː˧.ʔen˧.ʔeː˧
ลายเซ็น,laːj˧.sen˧
ลาออก,laː˧-ɔːk/˧
ลำดับ,lam˧ dap˨˩
ลิขสิทธิ์,lik˦˥.kʰa˨˩.sit˨˩
ลูกค้า,luːk˥˩.kʰaː˦˥
ลูกจ้าง,luːk˥˩.tɕaːŋ˥˩
ลูกจ้างชั่วคราว,luːk˥˩.tɕaːŋ˥˩.tɕʰua˥˩.kʰraːw˧
ลูกจ้างประจำ,luːk˥˩.tɕaːŋ˥˩.pra˨˩.tɕam˧
ลูกหนี้,luːk˥˩.niː˥˩
ล่าช้า,laː˥˩ tɕʰaː˦˥
ล้มเหลว,lom˦˥-leːw/˨˦
วงจรการบริหารผลการปฏิบัติงาน,woŋ˧.tɕɔːn˧.kaːn˧.bɔː˧.ri˦˥.haːn˧.pʰon˨˦.kaːn˧.pa˨˩.tib˨˩.ŋaːn˧
วงเงิน,woŋ˧.ŋen˧
วัคซีน,wak˦˥-seːn/˧
วัฒนธรรม,wat˦˥ tʰana˦˥ tʰam˧
วัฒนธรรมองค์กร,wat˦˥.tʰa˦˥.na˦˥.tʰam˧.ʔoŋ˧.kɔːn˧
วัตถุประสงค์,wat˦˥ tʰu˨˩ pra˨˩ soŋ˨˦
วันทำงาน,wan˧.tʰam˧.ŋaːn˧
วันลา,wan˧.laː˧
วันหยุด,wan˧.yut˨˩
วัสดุ,wat˦˥-sa˨˩-du/˨˩
วาระ,waː˧ ra˦˥
วิกฤต,wi˦˥ krit˨˩
วิงวอน,wiŋ˧ wɔːn˧
วิชา,wi˦˥-chaː/˧
วิชาการ,wi˦˥-chaː˧-gaːn/˧
วิตกกังวล,wi˦˥-tok˨˩ gang˧-won/˧
วิถีชีวิต,wi˦˥ thiː˨˦ tɕʰiː˧ wit˦˥
วิทยากร,wit˦˥.tʰa˦˥.jaː˧.kɔːn˧
วิทยานิพนธ์,wit˦˥-tha˦˥-yaː˧-ni˦˥-phon/˧
วิทยาลัย,wit˦˥-tha˦˥-yaː˧-lai/˧
วิทยาศาสตร์,wit˦˥-tha˦˥-yaː˧-saːt/˨˩
วิทยุ,wit˦˥-tha˦˥-yu/˦˥
วิธีการ,wi˦˥ thiː˧ kaːn˧
วิธีการชำระเงิน,wi˦˥-thiː˧-gaːn˧ cham˧-ra˦˥ ngən/˧
วินัย,wi˦˥.naj˧
วินิจฉัย,wi˦˥ nit˦˥ tɕʰaj˨˦
วิพากษ์วิจารณ์,wi˦˥ pʰaːk˥˩ wi˦˥ tɕaːn˧
วิริยะ,wi˦˥ ri˦˥ ja˧
วิศวกรรม,wit˦˥-sa˨˩-wa˦˥-gam/˧
วิสัยทัศน์,wi˦˥ saj˨˦ tʰat˦˥
วิสาหกิจ,wi˦˥.saː˨˦.kit˨˩
วิสาหกิจเพื่อสังคม,wi˦˥.saː˨˦.kit˨˩.pʰɯa˧.saŋ˨˦.kʰom˧
วิเคราะห์,wi˦˥ kʰrɔ˧
วุฒิการศึกษา,wut˦˥.tʰi˦˥.kaːn˨˩.sɯk˧.saː˨˦
วุฒิสภา,wut˦˥-thi˦˥-sa˨˩-phaː/˧
ว่าความ,waː˥˩.kʰwaːm˧
ศักดิ์ศรี,sak˨˩ siː˨˦
ศักยภาพ,sak˨˩ ka˨˩ ja˧ pʰaːp˥˩
ศาล,saːn˨˦
ศาลชั้นต้น,saːn˨˦.tɕʰan˦˥.ton˥˩
ศาลฎีกา,saːn˨˦.diː˧.kaː˧
ศาลทหาร,saːn˨˦.tʰa˦˥.haːn˨˦
ศาลปกครอง,saːn˨˦.pok˨˩.kʰrɔːŋ˧
ศาลภาษีอากร,saːn˨˦.pʰaː˧.siː˨˦.ʔaː˧.kɔːn˧
ศาลยุติธรรม,saːn˨˦.jut˦˥.ti˦˥.tʰam˧
ศาลรัฐธรรมนูญ,saːn˨˦.rat˦˥.tʰa˨˩.tʰam˧.ma˦˥.nuːn˧
ศาลล้มละลาย,saːn˨˦.lom˦˥.la˦˥.laːj˧
ศาลอุทธรณ์,saːn˨˦.ʔut˨˩.tʰɔːn˧
ศาลเยาวชนและครอบครัว,saːn˨˦.jaw˧.wa˦˥.tɕʰon˧.lɛ˧.kʰrɔːp˧.kʰrua˧
ศาลแรงงาน,saːn˨˦.rɛːŋ˧.ŋaːn˧
ศีลธรรม,sin˨˦ tʰam˧
ศูนย์กระจายสินค้า,suːn˨˦.kra˨˩.tɕaːj˧.sin˨˦.kʰaː˦˥
สตาร์ทอัพ,sa˨˩.taːt˥˩.ʔap˨˩
สติ,sa˨˩-ti/˨˩
สติปัญญา,sa˨˩ ti˨˩ pan˧ jaː˧
สถานการณ์,sa˨˩ thaːn˨˦ kaːn˨˩
สถานะ,sa˨˩ thaː˨˦ na˦˥
สถาบัน,sa˨˩ thaː˨˦ ban˧
สถาบันการเงิน,sa˨˩.tʰaː˨˦.ban˧.kaːn˧.ŋen˧
สถาบันการเงินเฉพาะกิจ,sa˨˩.tʰaː˨˦.ban˧.kaːn˧.ŋen˧.tɕʰa˨˩.pʰɔ˧.kit˨˩
สถาปัตยกรรม,sa˨˩-thaː˨˦-pat˨˩-ta˨˩-ya˦˥-gam/˧
สนทนา,son˨˦ tʰa˦˥ naː˧
สนับสนุน,sa˨˩ nap˨˩ sa˨˩ nun˨˦
สบประมาท,sop˨˩ pra˨˩ maːt˨˩
สภาผู้แทนราษฎร,sa˨˩-phaː˧ phuː˥˩-thɛːn˧ raːt˥˩-sa˨˩-dɔːn/˧
สภาพ,sa˨˩ pʰaːp˥˩
สภาพการทำงาน,sa˨˩.pʰaːp˥˩.kaːn˧.tʰam˧.ŋaːn˧
สภาพนายความ,sa˨˩.pʰaː˧.tʰa˦˥.naːj˧.kʰwaːm˧
สภาพแวดล้อม,sa˨˩ pʰaːp˥˩ wɛːt˧ lɔm˧
สภาอุตสาหกรรม,sa˨˩.pʰaː˧.ʔut˨˩.saː˨˦.haː˨˦.kam˧
สมดุล,som˨˦ dun˧
สมมุติฐาน,som˨˦ mut˨˩ ti˨˩ thaːn˨˦
สมรรถนะ,sa˨˩ mat˦˥ tha˨˩ na˦˥
สมัย,sa˨˩-may/˨˦
สมาคม,sa˨˩ maː˧ khom˧
สมาคมธุรกิจ,sa˨˩.maː˧.kʰom˧.tʰu˦˥.ra˦˥.kit˨˩
สมาชิกสหภาพแรงงาน,sa˨˩.maː˧.tɕʰik˦˥.sa˨˩.ha˨˩.pʰaːp˥˩.rɛːŋ˧.ŋaːn˧
สมาธิ,sa˨˩-maː˨˦-thi/˦˥
สมานฉันท์,sa˨˩ maːn˨˦ tɕʰan˨˦
สมาพันธ์,sa˨˩.maː˧.pʰan˧
สรรเสริญ,san˨˦ sɤːn˨˦
สรุป,sa˨˩ rup˨˩
สละ,sa˨˩ la˨˩
สวัสดิการ,sa˨˩.wat˨˩.di˨˩.kaːn˧
สวัสดิการพนักงาน,sa˨˩-wat˨˩-di˨˩-gaːn˧ pha˦˥-nak˦˥-ngaːn/˧
สหกรณ์,sa˨˩.ha˨˩.kɔːn˧
สหพันธรัฐ,sa˨˩-ha˨˩-phan˧-tha˦˥-rat/˦˥
สหภาพ,sa˨˩ ha˨˩ pʰaːp˥˩
สหภาพแรงงาน,sa˨˩.ha˨˩.pʰaːp˥˩.rɛːŋ˧.ŋaːn˧
สอดคล้อง,sɔːt˧-klɔːng/˧
สอดแทรก,sɔːt˧ sɛːk˧
สอบถาม,sɔːp˧ thaːm˨˦
สอบสวน,sɔːp˧ suan˨˦
สะดวกสบาย,sa˨˩-duak˨˩-sa˨˩-baːi/˧
สังคม,saŋ˨˦ khom˧
สังคมวิทยา,sang˨˦-khom˧ wit˦˥-tha˦˥-yaː/˧
สังเคราะห์,saŋ˨˦ kʰrɔ˧
สัญชาตญาณ,san˨˦ chaːt˥˩ ta˨˩ jaːn˧
สัญญา,san˨˦ jaː˧
สัญญาก่อตั้งบริษัท,san˨˦.jaː˧.kɔː˧.taŋ˥˩.bɔː˧.ri˦˥.sat˨˩
สัญญาขนส่ง,san˨˦.jaː˧.kʰon˨˦.soŋ˨˩
สัญญาค้ำประกัน,san˨˦.jaː˧.kʰam˦˥.pra˨˩.kan˧
สัญญาจัดการ,san˨˦.jaː˧.tɕat˨˩.kaːn˧
สัญญาจำนอง,san˨˦.jaː˧.tɕam˧.nɔːŋ˧
สัญญาจ้าง,san˨˦.jaː˧.tɕaːŋ˥˩
สัญญาจ้างงานชั่วคราว,san˨˦.jaː˧.tɕaːŋ˥˩.ŋaːn˧.tɕʰua˥˩.kʰraːw˧
สัญญาจ้างทำของ,san˨˦.jaː˧.tɕaːŋ˥˩.tʰam˧.kʰɔːŋ˧
สัญญาจ้างเหมา,san˨˦.jaː˧.tɕaːŋ˥˩.maw˨˦
สัญญาจ้างเหมาบริการ,san˨˦.jaː˧.tɕaːŋ˥˩.maw˨˦.bɔː˧.ri˦˥.kaːn˧
สัญญาจ้างแรงงาน,san˨˦.jaː˧.tɕaːŋ˥˩.rɛːŋ˧.ŋaːn˧
สัญญาซื้อขาย,san˨˦.jaː˧.sɯː˧.kʰaːj˨˦
สัญญาซื้อขายล่วงหน้า,san˨˦.jaː˧.sɯː˧.kʰaːj˨˦.luaŋ˥˩.naː˥˩
สัญญาซื้อคืน,san˨˦.jaː˧.sɯː˧.kʰɯːn˧
สัญญาตัวแทน,san˨˦.jaː˧.tua˧.tʰɛːn˧
สัญญาตัวแทนการท่องเที่ยว,san˨˦.jaː˧.tua˧.tʰɛːn˧.kaːn˧.tʰɔːŋ˧.tʰiaw˥˩
สัญญาตั้งตัวแทน,san˨˦.jaː˧.taŋ˥˩.tua˧.tʰɛːn˧
สัญญาต่างตอบแทน,san˨˦.jaː˧.taːŋ˨˩.tɔːp˧.tʰɛːn˧
สัญญาทางปกครอง,san˨˦.jaː˧.tʰaːŋ˧.pok˨˩.kʰrɔːŋ˧
สัญญานายหน้า,san˨˦.jaː˧.naːj˧.naː˥˩
สัญญาบริการ,san˨˦.jaː˧.bɔː˧.ri˦˥.kaːn˧
สัญญาบริจาค,san˨˦.jaː˧.bɔː˧.ri˦˥.tɕaːk˨˩
สัญญาประกันภัย,san˨˦.jaː˧.pra˨˩.kan˧.pʰaj˧
สัญญาฝ่ายเดียว,san˨˦.jaː˧.faːj˨˩.diaw˧
สัญญารักษาความปลอดภัย,san˨˦.jaː˧.rak˦˥.saː˨˦.kʰwaːm˧.plɔːt˧.pʰaj˧
สัญญาสำเร็จรูป,san˨˦.jaː˧.sam˨˦.ret˨˩.ruːp˥˩
สัญญาหุ้นส่วน,san˨˦.jaː˧.hun˥˩.suːan˨˩
สัญญาออปชัน,san˨˦.jaː˧.ʔɔp˧.tɕʰan˥˩
สัญญาเช่า,san˨˦.jaː˧.tɕʰaw˥˩
สัญญาเช่าช่วง,san˨˦.jaː˧.tɕʰaw˥˩.tɕʰuaŋ˥˩
สัญญาเช่าซื้อ,san˨˦.jaː˧.tɕʰaw˥˩.sɯː˧
สัญญาแลกเปลี่ยน,san˨˦.jaː˧.lɛːk˧.plian˨˩
สัญญาให้,san˨˦.jaː˧.haj˥˩
สัญญาไม่เปิดเผยข้อมูล,san˨˦.jaː˧.maj˥˩.poːt˨˩.pʰɤj˨˦.kʰɔː˧.muːn˥˩
สัญญาไม่แข่งขัน,san˨˦.jaː˧.maj˥˩.kʰɛŋ˧.kʰan˨˦
สันนิษฐาน,san˨˦-nit˦˥-thaːn/˨˦
สัมมนา,sam˨˦ ma˦˥ naː˧
สั่ง,saŋ˨˩
สาขา,saː˨˦.kʰaː˨˦
สาธารณสุข,saː˨˦-thaː˧-ra˦˥-na˦˥-suk/˨˩
สาธารณะ,saː˨˦ thaː˧ ra˦˥ na˦˥
สามัคคี,saː˨˦ mak˦˥ kʰiː˧
สายการบังคับบัญชา,saːj˨˦.kaːn˧.baŋ˧.kʰap˦˥.ban˧.tɕʰaː˧
สายงาน,saːj˨˦.ŋaːn˧
สาระ,saː˨˦ ra˦˥
สาเหตุ,saː˨˦ heːt˨˩
สำคัญผิด,sam˨˦.kʰan˧.pʰit˨˩
สำนวน,sam˨˦.nuan˧
สำนวนสอบสวน,sam˨˦.nuan˧.sɔp˧.suan˨˦
สำนักงาน,sam˨˦.nak˦˥.ŋaːn˧
สำนักงานกฎหมาย,sam˨˦.nak˦˥.ŋaːn˧.kot˨˩.maːj˨˦
สำนักงานทนายความ,sam˨˦.nak˦˥.ŋaːn˧.tʰa˦˥.naːj˧.kʰwaːm˧
สำนักงานศาลยุติธรรม,sam˨˦.nak˦˥.ŋaːn˧.saːn˨˦.jut˦˥.ti˦˥.tʰam˧
สำนักงานอัยการสูงสุด,sam˨˦.nak˦˥.ŋaːn˧.ʔaj˧.ja˦˥.kaːn˧.suːŋ˨˦.sut˨˩
สำนักงานใหญ่,sam˨˦.nak˦˥.ŋaːn˧.jaj˨˩
สำนักพิมพ์,sam˨˦-nak˨˩ phim/˧
สำนึก,sam˨˦ nɯk˧
สำเนา,sam˨˦.naw˧
สิทธิ,sit˨˩
สิทธิของเจ้าของข้อมูล,sit˨˩.tʰi˦˥.kʰɔːŋ˧.tɕaw˥˩.kʰɔːŋ˧.kʰɔː˧.muːn˥˩
สิทธิขอให้ลบ,sit˨˩.tʰi˦˥.kʰɔː˧.haj˥˩.lop˦˥
สิทธิคัดค้าน,sit˨˩.tʰi˦˥.kʰat˦˥.kʰaːn˦˥
สิทธินำพา,sit˨˩.tʰi˦˥.nam˧.pʰaː˧
สิทธิบัตร,sit˨˩.tʰi˦˥.bat˨˩
สิทธิประโยชน์,sit˨˩-thi˦˥ pra˨˩-yoːt/˨˩
สิทธิมนุษยชน,sit˨˩ tʰi˦˥ ma˦˥ nut˦˥ sa˨˩ ja˧ chon˧
สิทธิในการได้รับความยุติธรรม,sit˨˩.tʰi˦˥.naj˧.kaːn˧.daj˥˩.rap˦˥.kʰwaːm˧.jut˦˥.ti˦˥.tʰam˧
สิทธิ์,sit˨˩
สินค้าคงคลัง,sin˨˦.kʰaː˦˥.kʰoŋ˧.kʰlaŋ˧
สินทรัพย์,sin˨˦.sap˦˥
สินบน,sin˨˦.bon˧
สินเชื่อ,sin˨˦.tɕʰɯa˧
สินไหมทดแทน,sin˨˦.maj˨˦.tʰot˦˥.tʰɛːn˧
สิ่งก่อสร้าง,sing˨˩ gɔː˧-saːng/˥˩
สิ่งประดิษฐ์,sing˨˩ pra˨˩-dit/˨˩
สิ่งแวดล้อม,siŋ˨˩ wɛːt˧ lɔm˧
สิ้นสุด,sin˥˩ sut˨˩
สืบสวน,sɯːp˧ suan˨˦
สื่อ,sɯː˧
สื่อมวลชน,sʉʉ˨˩-muan˧-chon/˧
สื่อสาร,sɯː˧ saːn˨˦
สุขภาพ,suk˨˩-kha˨˩-phaːp/˥˩
ส่งต่อ,soŋ˨˩ tɔː˧
ส่งผล,soŋ˨˩ pʰon˨˦
ส่งสาร,soŋ˨˩ saːn˨˦
ส่งเสริม,soŋ˨˩ sɤːm˨˦
ส่วนตัว,suːan˨˩ tuːa˧
ส่วนรวม,suːan˨˩ ruːam˧
ส่วนแบ่งตลาด,suːan˨˩.bɛŋ˧.ta˨˩.laːt˨˩
ส่อให้เห็น,sɔː˧ hai˥˩ hen/˨˦
หนักหน่วง,nak˨˩-nuang/˨˩
หนังสือ,naŋ˨˦.sɯː˧
หนังสือบริคณห์สนธิ,naŋ˨˦.sɯː˧.bɔː˧.ri˦˥.kʰon˧.son˨˦.tʰi˦˥
หนังสือบอกกล่าว,naŋ˨˦.sɯː˧.bɔːk˧.klaːw˨˩
หนังสือบอกกล่าวล่วงหน้า,naŋ˨˦.sɯː˧.bɔːk˧.klaːw˨˩.luaŋ˥˩.naː˥˩
หนังสือพิมพ์,nang˨˦-sʉʉ˨˦ phim/˧
หนังสือมอบอำนาจ,naŋ˨˦.sɯː˧.mɔːp˧.ʔam˧.naːt˨˩
หนังสือรับรอง,naŋ˨˦.sɯː˧.rap˦˥.rɔːŋ˧
หนังสือสัญญา,naŋ˨˦.sɯː˧.san˨˦.jaː˧
หนังสือเวียน,naŋ˨˦.sɯː˧.wian˧
หนังสือแจ้ง,naŋ˨˦.sɯː˧.tɕɛːŋ˧
หนี้,niː˥˩
หนี้สิน,niː˥˩.sin˨˦
หนี้สิ่งของ,niː˥˩.siŋ˨˩.kʰɔːŋ˧
หนี้เงิน,niː˥˩.ŋen˧
หนุนหลัง,nun˨˦ laŋ˨˦
หน่วยงาน,nuːaj˨˩.ŋaːn˧
หน้าที่,naː˥˩ tʰiː˥˩
หน้ามืดตามัว,naː˥˩ mʉʉt˥˩ taː˧ mua/˧
หมายค้น,maːj˨˦.kʰon˦˥
หมายจับ,maːj˨˦.tɕap˨˩
หมายบังคับคดี,maːj˨˦.baŋ˧.kʰap˦˥.kʰa˦˥.diː˧
หมายศาล,maːj˨˦.saːn˨˦
หมายเรียก,maːj˨˦.riak˥˩
หยุด,yut˨˩
หลบหลีก,lop˨˩ liːk˨˩
หลักกฎหมาย,lak˨˩.kot˨˩.maːj˨˦
หลักการ,lak˨˩ kaːn˧
หลักฐาน,lak˨˩ thaːn˨˦
หลักทรัพย์,lak˨˩-sap/˨˩
หลักทรัพย์ค้ำประกัน,lak˨˩.sap˦˥.kʰam˦˥.pra˨˩.kan˧
หลักทรัพย์ประกันตัว,lak˨˩.sap˦˥.pra˨˩.kan˧.tua˧
หลักสูตร,lak˨˩-suːt/˨˩
หลักเกณฑ์,lak˨˩ keːn˧
หลีกเลี่ยง,liːk˨˩ liaŋ˥˩
หวั่นไหว,wan˨˩-wai/˨˦
หอการค้า,hɔː˧.kaːn˧.kʰaː˦˥
หัวข้อ,hua˨˦ kʰɔː˧
หัวหน้างาน,hua˨˦.naː˥˩.ŋaːn˧
หารือ,haː˨˦ rɯː˧
หุ่นยนต์,hun˨˩-yon/˧
หุ้น,hun˥˩
หุ้นกู้,hun˥˩.kuː˥˩
หุ้นส่วน,hun˥˩.suːan˨˩
หุ้นส่วนทางธุรกิจ,hun˥˩.suːan˨˩.tʰaːŋ˧.tʰu˦˥.ra˦˥.kit˨˩
ห่วงโซ่อุปทาน,huːaŋ˨˩.soː˥˩.ʔup˨˩.pʰaːn˧
ห้องปฏิบัติการ,hɔːng˧ pa˨˩-ti˨˩-bat˨˩-gaːn/˧
ห้องสมุด,hɔːng˧ sa˨˩-mut/˨˩
ห้าม,haːm˥˩
ห้ามปราม,haːm˥˩ praːm˧
องค์กร,oŋ˧ kɔːn˧
องค์การ,ʔoŋ˧.kaːn˧
องค์ประชุม,ʔoŋ˧.pra˨˩.tʰum˧
อดกลั้น,ʔot˨˩ klan˥˩
อดทน,ʔot˨˩ tʰon˧
อธิบาย,ʔa˨˩ thi˦˥ baːj˧
อธิปไตย,a˨˩-thi˦˥-pa˨˩-tai/˧
อนามัย,a˨˩-naː˧-mai/˧
อนุญาโตตุลาการ,a˨˩-nu˦˥-yaː˧-toː˧-tu˨˩-laː˧-gaːn/˧
อบรม,ʔop˨˩ rom˧
อภิปราย,ʔa˨˩ pʰi˦˥ praːj˧
อย่างไรก็ตาม,yaːng˧-rai˧ gɔ˧ taːm/˧
อัตราค่าจ้าง,ʔat˨˩.traː˨˩.kʰaː˥˩.tɕaːŋ˥˩
อัตราค่าจ้างรายชั่วโมง,ʔat˨˩.traː˨˩.kʰaː˥˩.tɕaːŋ˥˩.raːj˧.tɕʰua˥˩.moːŋ˧
อัตราดอกเบี้ยนโยบาย,ʔat˨˩.traː˨˩.dɔːk˧.bia˥˩.noː˧.ja˦˥.baːj˧
อัตราผลตอบแทน,ʔat˨˩.traː˨˩.pʰon˨˦.tɔːp˧.tʰɛːn˧
อัตราแลกเปลี่ยน,ʔat˨˩.traː˨˩.lɛːk˧.plian˨˩
อัตลักษณ์,at˨˩-ta˨˩-lak/˦˥
อันตราย,ʔan˧ tra˨˩ raːj˧
อัยการ,ʔaj˧.ja˦˥.kaːn˧
อัยการคดีปกครอง,ʔaj˧.ja˦˥.kaːn˧.kʰa˦˥.diː˧.pok˨˩.kʰrɔːŋ˧
อัยการคดีอาญา,ʔaj˧.ja˦˥.kaːn˧.kʰa˦˥.diː˧.ʔaː˧.jaː˧
อัยการคดีแพ่ง,ʔaj˧.ja˦˥.kaːn˧.kʰa˦˥.diː˧.pʰɛŋ˧
อัยการสูงสุด,ʔaj˧.ja˦˥.kaːn˧.suːŋ˨˦.sut˨˩
อากร,ʔaː˧.kɔːn˧
อาการ,aː˧-gaːn/˧
อาจารย์,ʔaː˧.tɕaːn˧
อาชีวอนามัย,ʔaː˧.tɕʰiː˧.wa˧.na˦˥.maj˧
อาณาเขต,aː˧-naː˧-kheːt/˨˩
อายัติ,aː˧-yat/˦˥
อายุความ,ʔaː˧.ju˦˥.kʰwaːm˧
อายุความสะดุด,ʔaː˧.ju˦˥.kʰwaːm˧.sa˨˩.dut˨˩
อายุความสะดุดหยุดลง,ʔaː˧.ju˦˥.kʰwaːm˧.sa˨˩.dut˨˩.yut˨˩.loŋ˧
อายุเกษียณ,ʔaː˧.ju˦˥.ka˨˩.sian˨˦
อารมณ์,ʔaː˧ rom˧
อาลัย,aː˧-lai/˧
อำนาจ,ʔam˧ naːt˨˩
อำนาจตัดสินใจ,ʔam˧.naːt˨˩.tat˨˩.sin˨˦.tɕaj˧
อำนาจศาล,ʔam˧.naːt˨˩.saːn˨˦
อำลา,ʔam˧ laː˧
อิทธิพล,ʔit˨˩ thi˦˥ pʰon˧
อินเทอร์เน็ต,in˧-thəə˧-net/˨˩
อิสรภาพ,ʔit˨˩ sa˨˩ ra˦˥ pʰaːp˥˩
อิสระ,it˨˩-sa˨˩-ra/˨˩
อีเมล,ʔiː˧.meːl˧
อุดมการณ์,ʔu˨˩ dom˧ maːn˧
อุดมคติ,ʔu˨˩ dom˧ kʰa˨˩ ti˨˩
อุตสาหกรรม,ʔut˨˩ saː˨˦ ha˨˩ kam˨˩
อุตสาหะ,ʔut˨˩ saː˨˦ ha˨˩
อุทธรณ์,ʔut˨˩.tʰɔːn˧
อุทิศ,ʔu˨˩ tʰit˦˥
อุบัติเหตุจากการทำงาน,ʔu˨˩.bat˨˩.ti˨˩.heːt˨˩.tɕaːk˨˩.kaːn˧.tʰam˧.ŋaːn˧
อุปถัมภ์,ʔup˨˩ pa˨˩ tʰam˨˦
อุปทาน,ʔup˨˩ pa˨˩ thaːn˧
อุปสงค์,ʔup˨˩ pa˨˩ soŋ˨˦
อุปสรรค,ʔup˨˩ pa˨˩ sak˨˩
อ่อนน้อมถ่อมตน,ɔːn˧-nɔːm˧ thɔm˧-ton/˧
อ่าน,ʔaːn˨˩
อ้าง,ʔaːŋ˥˩
อ้างถึง,ʔaːŋ˥˩ thɯŋ˧
อ้างอิง,ʔaːŋ˥˩ ʔiŋ˧
ฮาร์ดแวร์,haːt˦˥-wɛː/˧
เกณฑ์,keːn˧
เกรงใจ,greːng˧ jai/˧
เกลี้ยกล่อม,kliːak˥˩ lɔːm˧
เกษียณอายุ,ga˨˩-sian˨˦ aː˧-yu/˦˥
เกียรติ,kiːat˨˩
เกียรติยศ,giat˨˩-ta˨˩-yot/˦˥
เกื้อหนุน,kɯːa˧ nun˨˦
เขต,kheːt/˨˩
เขตอำนาจศาล,kheːt˨˩.ʔam˧.naːt˨˩.saːn˨˦
เขียน,kʰian˨˦
เข้าข้าง,khao˥˩ khaːng/˥˩
เครดิต,kʰreː˧.dit˨˩
เครียด,khriat/˥˩
เครือข่าย,kʰrɯa˧.kʰaːj˨˩
เครื่องมือ,krʉʉang˧ mʉʉ
เครื่องหมายการค้า,kʰrɯan˧.maːj˨˦.kaːn˧.kʰaː˦˥
เงินกู้,ŋen˧.kuː˥˩
เงินก้อน,ŋen˧.kɔːn˧
เงินบำนาญ,ŋen˧.bam˧.naːn˧
เงินปันผล,ŋen˧.pan˧.pʰon˨˦
เงินฝาก,ŋen˧.faːk˨˩
เงินสมทบ,ŋen˧.som˨˦.tʰop˦˥
เงินสำรอง,ŋen˧.sam˨˦.rɔːŋ˧
เงินสำรองระหว่างประเทศ,ŋen˧.sam˨˦.rɔːŋ˧.ra˦˥.waːŋ˨˩.pra˨˩.tʰeːt˥˩
เงินเดือน,ŋen˧.dɯan˧
เงินเฟ้อ,ngən˧-fəə/˧
เงื่อนไข,ŋɯːan˧ kʰaj˨˦
เจตนา,tɕeːt˨˩ ta˦˥ naː˧
เจรจา,tɕeː˧ ra˦˥ tɕaː˧
เจาะจง,tɕɔʔ˧ tɕoŋ˧
เจ้าพนักงานบังคับคดี,tɕaw˥˩.pʰa˦˥.nak˦˥.ŋaːn˧.baŋ˧.kʰap˦˥.kʰa˦˥.diː˧
เจ้าหนี้,tɕaw˥˩.niː˥˩
เจ้าหนี้บุริมสิทธิ,tɕaw˥˩.niː˥˩.bu˨˩.ri˦˥.ma˦˥.sit˨˩
เจ้าหนี้มีประกัน,tɕaw˥˩.niː˥˩.miː˧.pra˨˩.kan˧
เจ้าหนี้ไม่มีประกัน,tɕaw˥˩.niː˥˩.maj˥˩.miː˧.pra˨˩.kan˧
เจ้าหน้าที่,tɕaw˥˩.naː˨˩.tʰiː˥˩
เจ้าหน้าที่ทรัพยากรบุคคล,tɕaw˥˩.naː˨˩.tʰiː˥˩.sap˦˥.pʰa˦˥.jaː˧.kɔːn˧.buk˨˩.kʰon˧
เชิญ,tɕʰɤːn˧
เชื้อเชิญ,tɕʰɯːa˧ tɕʰɤːn˧
เช็ค,tɕʰek˦˥
เด็กฝึกงาน,dek˨˩.fɯk˧.ŋaːn˧
เตือน,tɯːan˧
เทคโนโลยี,tʰek˦˥ noː˧ loː˧ jiː˧
เนติบัณฑิต,neː˧.di˨˩.ban˧.dit˨˩
เนติบัณฑิตยสภา,neː˧.di˨˩.ban˧.dit˨˩.ya˦˥.sa˨˩.pʰaː˧
เนื้อหา,nɯːa˧ haː˨˦
เน้น,nen˦˥
เน้นย้ำ,nen˦˥ jam˦˥
เบี้ยประกันภัย,bia˥˩.pra˨˩.kan˧.pʰaj˧
เบี้ยปรับ,bia˥˩.prap˨˩
เบื้องต้น,bɯːaŋ˧ ton˥˩
เปรียบเทียบ,priap˨˩-thiap/˥˩
เปลี่ยนแปลง,pliːan˨˩ plɛːŋ˧
เปิดเผย,pɤːt˨˩ pʰɤːj˨˦
เป้าหมาย,paw˨˩ maːj˨˦
เป้าหมายองค์กร,paw˥˩.maːj˨˦.ʔoŋ˧.kɔːn˧
เผชิญ,pʰa˨˩ tɕʰɤːn˧
เผด็จการ,pʰa˨˩ det˨˩ kaːn˧
เผยแพร่,pʰɤːj˨˦ pʰrɛː˧
เพิกเฉย,pʰɤːk˥˩ tɕʰɤːj˨˦
เพิ่ม,pʰɤːm˥˩
เพื่อนมนุษย์,phʉan˧ ma˦˥-nut/˦˥
เพื่อนร่วมงาน,pʰɯan˧.ruaːm˥˩.ŋaːn˧
เภสัชกร,pheː˧-sat˨˩-cha˨˩-gɔːn/˧
เมินเฉย,mɤːn˧ tɕʰɤːj˨˦
เมืองหลวง,mʉʉang˧-luang/˨˦
เยียวยา,jia˧ jaː˧
เริ่ม,rɤːm˥˩
เริ่มต้น,rɤːm˥˩ ton˥˩
เรือนจำ,rɯan˧.tɕam˧
เร่ง,reŋ˥˩
เร่งด่วน,reng˥˩-duan/˨˩
เร่งรัด,reŋ˥˩ rat˦˥
เร่งรีบ,reŋ˥˩ riːp˥˩
เลขานุการ,leː˧.kʰaː˨˦.nu˦˥.kaːn˧
เลตเตอร์ออฟเครดิต,leːt˥˩.tɤː˥˩.ʔɔːf˧.kʰreː˧.dit˨˩
เลื่อน,lɯːan˧
เล่า,law˥˩
เว้น,wen˦˥
เว้นวรรค,wen˦˥ wak˦˥
เศรษฐกิจ,seːt˨˩ tʰa˨˩ kit˨˩
เศรษฐกิจชีวภาพ,seːt˨˩.tʰa˨˩.kit˨˩.tɕʰiː˧.wa˦˥.pʰaːp˥˩
เศรษฐกิจดิจิทัล,seːt˨˩.tʰa˨˩.kit˨˩.di˨˩.tɕi˨˩.tʰan˧
เศรษฐกิจหมุนเวียน,seːt˨˩.tʰa˨˩.kit˨˩.mun˨˦.wian˧
เศรษฐกิจแบ่งปัน,seːt˨˩.tʰa˨˩.kit˨˩.bɛŋ˧.pan˧
เศร้าโศก,sao˥˩-soːk/˨˩
เสถียรภาพ,sa˨˩ thian˨˦ ra˦˥ pʰaːp˥˩
เสนอ,sa˨˩ nɤː˨˦
เสมอภาค,sa˨˩-məə˧-phaːk/˥˩
เสริม,sɤːm˨˦
เสรีภาพ,seː˨˦ riː˧ pʰaːp˥˩
เสียงข้างน้อย,siaŋ˨˦.kʰaːŋ˥˩.nɔːj˧
เสียงข้างมาก,siaŋ˨˦.kʰaːŋ˥˩.maːk˨˩
เสียสละ,siːa˨˦ sa˨˩ la˨˩
เสียหน้า,sia˨˦ naː/˥˩
เหตุการณ์,heːt˨˩ kaːn˧
เหตุผล,heːt˨˩ pʰon˨˦
เหมาะสม,mɔː˧-som/˨˦
เหยียดหยาม,jiːat˨˩ jaːm˨˩
เหรัญญิก,hae˧-ran˧-ni˦˥-k/s
เห็นด้วย,hen˨˦ duaj˥˩
เอกชน,ʔeːk˨˩ ka˨˩ tɕʰon˧
เอกราช,eːk˨˩-ga˨˩-raːt/˥˩
เอกสาร,ʔeːk˨˩.ka˨˩.saːn˨˦
เอาใจเขามาใส่ใจเรา,ao˧ jai˧ khao˨˦ maː˧ sai˨˩ jai˧ raw/˧
เอาใจใส่,ʔaw˧ tɕaj˧ saj˨˩
เอ่ย,ʔɤːj˨˩
แก่น,kɛn˧
แก้ตัว,kɛː˧ tuːa˧
แก้ต่าง,kɛː˧ taːŋ˨˩
แก้ไข,kɛː˧ kʰaj˨˦
แข็งแรง,khɛng˧-raeng/˧
แจกจ่าย,tɕɛːk˧ jaːj˨˩
แจ้ง,tɕɛːŋ˧
แต่งตั้ง,tɛng˧-tang/˥˩
แถลง,tha˨˩ lɛːŋ˧
แถลงการณ์,tʰa˨˩.lɛːŋ˧.kaːn˧
แทรก,sɛːk˧
แนวคิด,nɛːw˧ kʰit˦˥
แนวทาง,nɛːw˧ tʰaːŋ˧
แนวทางปฏิบัติ,nɛːw˧.tʰaːŋ˧.pa˨˩.tib˨˩
แนวโน้ม,nɛːw˧ noːm˦˥
แนะนำ,nɛ˧ nam˧
แนะนำตัว,nɛ˧ nam˧ tuːa˧
แบบทดสอบ,bɛp˧.tʰot˦˥.sɔːp˧
แบบอย่าง,bɛːp˧ jaːŋ˨˩
แบ่งปัน,bɛːŋ˧ pan˧
แบ่งแยก,bɛːŋ˧ jɛːk˧
แปล,plɛː˧
แผงโซลาร์เซลล์,phɛːng˧ soh˧-laː˧-sen/˧
แผน,pʰɛːn˧
แผนก,pʰa˨˩.nɛːk˧
แผนกลยุทธ์,pʰɛːn˧.kon˧.la˨˩.jut˦˥
แผนงาน,pʰɛːn˧.ŋaːn˧
แผนธุรกิจ,pʰɛːn˧.tʰu˦˥.ra˦˥.kit˨˩
แพทย์,phɛt/˧
แพร่หลาย,phrɛː˧ laːi/˨˦
แพลตฟอร์ม,pʰlɛt˧.fɔːm˧
แฟรนไชส์,frɛn˧.tɕʰaj˦˥
แฟ้ม,fɛːm˧
แม่น้ำ,mɛː˧-naːm/˦˥
แม้กระทั่ง,mɛː˧ gra˨˩-thang/˥˩
แยกแยะ,jɛːk˧ jɛ˧
แรงงานข้ามชาติ,raeng˧-ngaːn˧ khaːm˥˩ chaːt/˥˩
แรงงานสัมพันธ์,rɛːŋ˧.ŋaːn˧.sam˨˦.pʰan˧
แรงจูงใจ,rɛːŋ˧.tɕuːŋ˧.tɕaj˧
แรงบันดาลใจ,raeng˧ ban˧-daːn˧ jai/˧
แลกเปลี่ยน,lɛːk˧ pliːan˨˩
แหล่งข้อมูล,lɛːŋ˧ kʰɔː˧ mun˧
แอบ,ʔɛːp˧
แอปพลิเคชัน,ɛp˧-pha˦˥-li˦˥-kheː˧-chan/˥˩
โครงการ,kʰroːŋ˧.kaːn˧
โครงสร้าง,kʰroːŋ˧ saːŋ˥˩
โครงสร้างค่าตอบแทน,kʰroːŋ˧.saːŋ˨˩.kʰaː˥˩.tɔːp˧.tʰɛːn˧
โครงสร้างพื้นฐาน,kroːng˧-saːng˥˩ phʉʉan˧-thaːn/˨˦
โครงสร้างเงินเดือน,kʰroːŋ˧.saːŋ˨˩.ŋen˧.dɯan˧
โฆษณา,kʰoːt˥˩ sa˨˩ naː˨˦
โจทก์,tɕoːk˨˩
โดยชอบด้วยกฎหมาย,doːj˧.tɕʰɔːp˧.duːaj˥˩.kot˨˩.maːj˨˦
โดยเฉพาะ,doːy˧ cha˨˩-phɔ/˧
โต้ตอบ,toː˥˩ tɔːp˧
โต้แย้ง,toː˥˩ jɛːŋ˧
โทรทัศน์,thoh˧-ra˦˥-that/˦˥
โทรศัพท์,tʰoː˧.ra˦˥.sap˨˩
โทษ,tʰoːt˥˩
โทษจำคุก,tʰoːt˥˩.tɕam˧.kʰuk˦˥
โทษจำคุกตลอดชีวิต,tʰoːt˥˩.tɕam˧.kʰuk˦˥.ta˨˩.lɔːt˧.tɕʰiː˧.wit˦˥
โทษทางวินัย,tʰoːt˥˩.tʰaːŋ˧.wi˦˥.naj˧
โทษประหารชีวิต,tʰoːt˥˩.pra˨˩.haːn˨˦.tɕʰiː˧.wit˦˥
โทษปรับ,tʰoːt˥˩.prap˨˩
โน้มน้าว,noːm˦˥ naːw˦˥
โบนัส,boː˧.nas˦˥
โปรดเกล้าฯ,proːt˨˩ glao/˥˩
โภชนาการ,phoː˧-cha˦˥-naː˧-gaːn/˧
โมฆะ,moː˧.kʰa˦˥
โมฆียะ,moː˧.kʰi˦˥.ja˦˥
โรค,roːk/˥˩
โรคจากการทำงาน,roːk˥˩.tɕaːk˨˩.kaːn˧.tʰam˧.ŋaːn˧
โรงพยาบาล,roːng˧ pha˦˥-yaː˧-baːn/˧
โลจิสติกส์,loː˧.tɕit˨˩.tik˨˩
โอกาส,ʔoː˧ kaːt˨˩
โอกาสที่เท่าเทียม,ʔoː˧.kaːt˨˩.tʰiː˥˩.tʰaw˥˩.tʰiam˧
ใจความ,tɕaj˧ kʰwaːm˧
ในขณะที่,nai˧ kha˨˩-na˨˩ thiː/˥˩
ในทางกลับกัน,nai˧ thaːng˧ glap˨˩ gan/˧
ในที่สุด,nai˧ thiː˥˩-sut/˨˩
ใบกำกับภาษี,baj˧.kam˧.kap˨˩.pʰaː˧.siː˨˦
ใบสมัครงาน,baj˧.sa˨˩.mak˨˩.ŋaːn˧
ใบสั่งซื้อ,baj˧.saŋ˨˩.sɯː˧
ใบอนุญาต,baj˧.ʔa˨˩.nu˦˥.jaːt˥˩
ใบอนุญาตว่าความ,baj˧.ʔa˨˩.nu˦˥.jaːt˥˩.waː˥˩.kʰwaːm˧
ใบเบิก,baj˧.bɤːk˨˩
ใบเสนอราคา,baj˧.sa˨˩.nɤː˨˦.raː˧.kʰaː˧
ใบเสร็จ,baj˧.set˨˩
ใส่ร้าย,saj˨˩ raːj˦˥
ใส่ใจ,saj˨˩ tɕaj˧
ให้ออก,haj˥˩.ʔɔːk˧
ไตร่ตรอง,trai˧ trɔːŋ˧
ไต่สวน,taj˨˩ suan˨˦
ไม่ชอบด้วยกฎหมาย,maj˥˩.tɕʰɔːp˧.duːaj˥˩.kot˨˩.maːj˨˦
ไม่เพียงแต่...แต่ยัง,mai˥˩ phiang˧ tɛː˧...tɛː˧ yang/˧
ไล่ออก,laj˥˩.ʔɔːk˧
ไว้หน้า,wai˦˥ naː/˥˩
ไว้เนื้อเชื่อใจ,wai˦˥ nʉʉa˧ chʉʉa˧ jai/˧
ไหวพริบ,waj˨˦ pʰrip˦˥
